"SiteID","Easting","Northing","Depth","Stratify","Transect","Clay","pH"
"h001",151.3081985,-32.812533,0.09,2,5,10,5.9
"h001",151.3081985,-32.812533,0.23,2,5,15,6.2
"h001",151.3081985,-32.812533,0.35,2,5,15,6.3
"h001",151.3081985,-32.812533,0.59,2,5,49,6.7
"h001",151.3081985,-32.812533,0.88,2,5,49,NA
"h002",151.318098,-32.81542623,0.09,2,5,34,5.9
"h002",151.318098,-32.81542623,0.26,2,5,34,5.79
"h002",151.318098,-32.81542623,0.64,2,5,57,5.52
"h002",151.318098,-32.81542623,0.97,2,5,49,5.46
"h003",151.2962733,-32.82347362,0.08,2,5,34,6.46
"h003",151.2962733,-32.82347362,0.28,2,5,34,6.86
"h003",151.2962733,-32.82347362,0.6,2,5,49,6.45
"h003",151.2962733,-32.82347362,0.95,2,5,45,5.68
"h003",151.2962733,-32.82347362,1.26,2,5,49,5.44
"h004",151.3007123,-32.82819679,0.03,2,5,40,7.82
"h004",151.3007123,-32.82819679,0.18,2,5,45,8.29
"h004",151.3007123,-32.82819679,0.48,2,5,40,9.52
"h004",151.3007123,-32.82819679,0.73,2,5,40,NA
"h004",151.3007123,-32.82819679,1.01,2,5,34,9.11
"h005",151.3186693,-32.8298914,0.04,2,5,15,7.74
"h005",151.3186693,-32.8298914,0.12,2,5,15,7.77
"h005",151.3186693,-32.8298914,0.27,2,5,23,6.99
"h005",151.3186693,-32.8298914,0.59,2,5,49,6.91
"h005",151.3186693,-32.8298914,0.9,2,5,45,6.9
"h008",151.3015235,-32.81364213,0.09,2,5,49,5.7
"h008",151.3015235,-32.81364213,0.27,2,5,49,6.3
"h008",151.3015235,-32.81364213,0.46,2,5,40,6
"h008",151.3015235,-32.81364213,0.67,2,5,32,6.2
"h008",151.3015235,-32.81364213,0.89,2,5,45,5.8
"h009",151.3034652,-32.81263128,0.08,2,5,10,5.7
"h009",151.3034652,-32.81263128,0.23,2,5,32,6.72
"h009",151.3034652,-32.81263128,0.49,2,5,40,6.32
"h009",151.3034652,-32.81263128,0.76,2,5,14,6.07
"h009",151.3034652,-32.81263128,0.93,2,5,45,6.14
"h010",151.3045935,-32.81395432,0.11,2,5,32,6.55
"h010",151.3045935,-32.81395432,0.3,2,5,49,5.95
"h010",151.3045935,-32.81395432,0.5,2,5,32,6.1
"h010",151.3045935,-32.81395432,0.81,2,5,32,5.4
"h011",151.3054906,-32.81395745,0.06,2,5,32,6.4
"h011",151.3054906,-32.81395745,0.35,2,5,49,5.46
"h011",151.3054906,-32.81395745,0.72,2,5,49,5.31
"h011",151.3054906,-32.81395745,0.91,2,5,45,5.65
"h011",151.3054906,-32.81395745,0.97,2,5,49,5.79
"h012",151.3062674,-32.81411227,0.06,2,5,40,6.18
"h012",151.3062674,-32.81411227,0.2,2,5,57,5.6
"h012",151.3062674,-32.81411227,0.44,2,5,57,5.54
"h012",151.3062674,-32.81411227,0.8,2,5,57,5.43
"h013",151.307216,-32.81421529,0.12,2,5,21,5.59
"h013",151.307216,-32.81421529,0.29,2,5,40,7.41
"h013",151.307216,-32.81421529,0.46,2,5,49,7.7
"h013",151.307216,-32.81421529,0.71,2,5,45,6.37
"h013",151.307216,-32.81421529,0.92,2,5,49,6.85
"h014",151.3088336,-32.81395757,0.14,2,5,10,6.06
"h014",151.3088336,-32.81395757,0.64,2,5,49,6.18
"h015",151.3098754,-32.8170381,0.17,2,5,34,7.8
"h015",151.3098754,-32.8170381,0.51,2,5,14,7.92
"h015",151.3098754,-32.8170381,0.83,2,5,34,8.34
"h016",151.3106999,-32.81636379,0.13,2,5,34,8.02
"h016",151.3106999,-32.81636379,0.3,2,5,32,8.21
"h016",151.3106999,-32.81636379,0.67,2,5,21,8.83
"h017",151.3114102,-32.81551657,0.13,2,5,49,8.88
"h017",151.3114102,-32.81551657,0.39,2,5,40,9.08
"h017",151.3114102,-32.81551657,0.76,2,5,34,9.11
"h018",151.3118653,-32.81517096,0.19,2,5,57,8.29
"h018",151.3118653,-32.81517096,0.42,2,5,34,8.61
"h018",151.3118653,-32.81517096,0.61,2,5,49,8.52
"h018",151.3118653,-32.81517096,0.88,2,5,NA,8.65
"h019",151.3123873,-32.81468196,0.08,2,5,45,8.78
"h019",151.3123873,-32.81468196,0.3,2,5,57,8.06
"h019",151.3123873,-32.81468196,0.72,2,5,49,8.72
"h020",151.3128916,-32.81399429,0.1,2,5,40,8.9
"h020",151.3128916,-32.81399429,0.35,2,5,49,8.72
"h020",151.3128916,-32.81399429,0.7,2,5,49,8.79
"h021",151.313653,-32.81269679,0.1,2,5,45,8.54
"h021",151.313653,-32.81269679,0.6,2,5,49,8.81
"h022",151.3206821,-32.81432453,0.06,2,5,22,5.6
"h022",151.3206821,-32.81432453,0.21,2,5,49,5.44
"h022",151.3206821,-32.81432453,0.5,2,5,49,5.37
"h022",151.3206821,-32.81432453,0.84,2,5,32,5.26
"h023",151.319197,-32.81548609,0.14,2,5,21,5.49
"h023",151.319197,-32.81548609,0.39,2,5,49,6.6
"h023",151.319197,-32.81548609,0.63,2,5,57,6.49
"h023",151.319197,-32.81548609,0.89,2,5,45,6.34
"h024",151.318467,-32.81568372,0.1,2,5,21,5.81
"h024",151.318467,-32.81568372,0.24,2,5,22,6.25
"h024",151.318467,-32.81568372,0.49,2,5,57,6.49
"h024",151.318467,-32.81568372,0.82,2,5,57,5.53
"h025",151.3169952,-32.81500555,0.06,2,5,34,5.3
"h025",151.3169952,-32.81500555,0.14,2,5,57,6.36
"h025",151.3169952,-32.81500555,0.29,2,5,57,5.86
"h025",151.3169952,-32.81500555,0.57,2,5,57,5.65
"h025",151.3169952,-32.81500555,0.86,2,5,57,5.07
"h026",151.3159913,-32.81500107,0.09,2,5,34,5.62
"h026",151.3159913,-32.81500107,0.25,2,5,21,6.94
"h026",151.3159913,-32.81500107,0.59,2,5,57,6.92
"h026",151.3159913,-32.81500107,0.94,2,5,57,6.32
"h027",151.3157915,-32.81483604,0.12,2,5,34,6.03
"h027",151.3157915,-32.81483604,0.29,2,5,34,5.52
"h027",151.3157915,-32.81483604,0.62,2,5,57,7.03
"h028",151.3143998,-32.8150067,0.12,2,5,34,6.6
"h028",151.3143998,-32.8150067,0.31,2,5,24,6.19
"h028",151.3143998,-32.8150067,0.51,2,5,57,6.86
"h028",151.3143998,-32.8150067,0.82,2,5,57,7.09
"h029",151.319994,-32.81399963,0.09,2,5,23,6.48
"h029",151.319994,-32.81399963,0.28,2,5,22,7.37
"h029",151.319994,-32.81399963,0.47,2,5,32,6.76
"h030",151.3193953,-32.81630046,0.06,2,5,40,6.24
"h030",151.3193953,-32.81630046,0.27,2,5,40,6.17
"h030",151.3193953,-32.81630046,0.53,2,5,45,6.2
"h030",151.3193953,-32.81630046,0.66,2,5,49,5.21
"h030",151.3193953,-32.81630046,0.76,2,5,NA,6.49
"h031",151.3195939,-32.8188014,0.09,2,5,40,7.57
"h031",151.3195939,-32.8188014,0.27,2,5,40,7.52
"h031",151.3195939,-32.8188014,0.54,2,5,40,6.09
"h031",151.3195939,-32.8188014,0.81,2,5,49,7.09
"h032",151.3203703,-32.81897417,0.08,2,5,23,6.19
"h032",151.3203703,-32.81897417,0.3,2,5,23,7.07
"h032",151.3203703,-32.81897417,0.5,2,5,40,6.95
"h032",151.3203703,-32.81897417,0.77,2,5,45,6.63
"h033",151.3217299,-32.81881202,0.1,2,5,34,6.57
"h033",151.3217299,-32.81881202,0.49,2,5,45,6.6
"h034",151.3224759,-32.818335,0.16,2,5,45,6.97
"h034",151.3224759,-32.818335,0.63,2,5,45,6.95
"h035",151.3235188,-32.81797017,0.09,2,5,40,7.09
"h035",151.3235188,-32.81797017,0.57,2,5,45,6.95
"h036",151.3206545,-32.81408966,0.03,2,5,22,5.6
"h036",151.3206545,-32.81408966,0.14,2,5,49,5.35
"h036",151.3206545,-32.81408966,0.42,2,5,49,5.65
"h036",151.3206545,-32.81408966,0.7,2,5,32,6.33
"h036",151.3206545,-32.81408966,0.88,2,5,32,8.92
"h037",151.3214293,-32.81435259,0.07,2,5,21,5.99
"h037",151.3214293,-32.81435259,0.19,2,5,23,6.12
"h037",151.3214293,-32.81435259,0.41,2,5,45,6.6
"h037",151.3214293,-32.81435259,0.68,2,5,45,5.96
"h037",151.3214293,-32.81435259,0.86,2,5,21,4.58
"h038",151.3218986,-32.81438594,0.12,2,5,21,6.2
"h038",151.3218986,-32.81438594,0.41,2,5,8,6.72
"h038",151.3218986,-32.81438594,0.71,2,5,57,6.92
"h038",151.3218986,-32.81438594,0.91,2,5,57,6.51
"h039",151.3229121,-32.81501282,0.05,2,5,22,5.36
"h039",151.3229121,-32.81501282,0.18,2,5,8,6.17
"h039",151.3229121,-32.81501282,0.36,2,5,49,6.62
"h039",151.3229121,-32.81501282,0.71,2,5,49,6.08
"h040",151.3233291,-32.81612775,0.06,2,5,21,6
"h040",151.3233291,-32.81612775,0.2,2,5,45,6.16
"h040",151.3233291,-32.81612775,0.39,2,5,57,6.53
"h040",151.3233291,-32.81612775,0.63,2,5,45,6.68
"h040",151.3233291,-32.81612775,0.84,2,5,32,6.63
"h041",151.3237712,-32.81704459,0.1,2,5,21,6.51
"h041",151.3237712,-32.81704459,0.28,2,5,45,6.44
"h041",151.3237712,-32.81704459,0.49,2,5,49,6.17
"h041",151.3237712,-32.81704459,0.81,2,5,49,5.88
"h042",151.3242271,-32.81779026,0.05,2,5,15,6.1
"h042",151.3242271,-32.81779026,0.19,2,5,15,5.23
"h042",151.3242271,-32.81779026,0.44,2,5,45,5.51
"h042",151.3242271,-32.81779026,0.69,2,5,49,5.92
"h042",151.3242271,-32.81779026,0.88,2,5,49,6.15
"h043",151.2972599,-32.81878816,0.12,2,5,40,7.79
"h043",151.2972599,-32.81878816,0.33,2,5,45,7.85
"h043",151.2972599,-32.81878816,0.52,2,5,45,7.99
"h043",151.2972599,-32.81878816,0.8,2,5,45,7.87
"h044",151.2974716,-32.81777189,0.14,2,5,32,7.46
"h044",151.2974716,-32.81777189,0.46,2,5,45,7.66
"h044",151.2974716,-32.81777189,0.77,2,5,45,7.07
"h045",151.2961697,-32.81714991,0.08,2,5,45,8.19
"h045",151.2961697,-32.81714991,0.33,2,5,49,8.24
"h045",151.2961697,-32.81714991,0.89,2,5,57,7.51
"h046",151.2950699,-32.81657575,0.02,2,5,40,6.8
"h046",151.2950699,-32.81657575,0.26,2,5,45,6.88
"h046",151.2950699,-32.81657575,0.65,2,5,45,6.8
"h046",151.2950699,-32.81657575,0.91,2,5,45,6.19
"h046",151.2950699,-32.81657575,1.15,2,5,NA,6.61
"h047",151.2942766,-32.81728646,0.09,2,5,45,7.07
"h047",151.2942766,-32.81728646,0.25,2,5,49,7.11
"h047",151.2942766,-32.81728646,0.46,2,5,49,7.16
"h047",151.2942766,-32.81728646,0.69,2,5,49,7.21
"h047",151.2942766,-32.81728646,0.95,2,5,49,7.67
"h048",151.2939204,-32.81748003,0.06,2,5,45,7.51
"h048",151.2939204,-32.81748003,0.18,2,5,45,7.61
"h048",151.2939204,-32.81748003,0.5,2,5,49,6.98
"h048",151.2939204,-32.81748003,0.87,2,5,49,6.93
"h049",151.2933197,-32.81817532,0.16,2,5,31,7.27
"h049",151.2933197,-32.81817532,0.59,2,5,45,7.11
"h049",151.2933197,-32.81817532,0.93,2,5,45,6.76
"h050",151.2973781,-32.81875369,0.06,2,5,40,6.41
"h050",151.2973781,-32.81875369,0.2,2,5,40,6.55
"h050",151.2973781,-32.81875369,0.36,2,5,NA,6.45
"h050",151.2973781,-32.81875369,0.72,2,5,NA,6.52
"h051",151.2980611,-32.81766267,0.13,2,5,40,NA
"h051",151.2980611,-32.81766267,0.47,2,5,49,NA
"h051",151.2980611,-32.81766267,0.84,2,5,49,NA
"h052",151.2991521,-32.81590075,0.06,2,5,40,5.64
"h052",151.2991521,-32.81590075,0.18,2,5,49,5.82
"h052",151.2991521,-32.81590075,0.34,2,5,49,5.91
"h052",151.2991521,-32.81590075,0.54,2,5,49,5
"h053",151.3001633,-32.81608585,0.05,2,5,34,6.28
"h053",151.3001633,-32.81608585,0.28,2,5,57,6.54
"h053",151.3001633,-32.81608585,0.58,2,5,49,6.85
"h053",151.3001633,-32.81608585,0.84,2,5,49,6.28
"h054",151.3012963,-32.8160381,0.12,2,5,34,5.93
"h054",151.3012963,-32.8160381,0.53,2,5,57,5.31
"h054",151.3012963,-32.8160381,0.92,2,5,57,5.85
"h055",151.3020598,-32.81632805,0.09,2,5,34,6.67
"h055",151.3020598,-32.81632805,0.26,2,5,34,6.66
"h055",151.3020598,-32.81632805,0.49,2,5,57,6.61
"h055",151.3020598,-32.81632805,0.82,2,5,49,5.94
"h056",151.3052057,-32.81602796,0.08,2,5,31,5.8
"h056",151.3052057,-32.81602796,0.21,2,5,45,6.5
"h056",151.3052057,-32.81602796,0.36,2,5,49,6.77
"h056",151.3052057,-32.81602796,0.73,2,5,49,6.21
"h057",151.3022267,-32.81878348,0.11,2,5,34,8.2
"h057",151.3022267,-32.81878348,0.3,2,5,34,8.1
"h057",151.3022267,-32.81878348,0.64,2,5,10,8
"h058",151.3092793,-32.81805822,0.1,2,6,34,8.2
"h058",151.3092793,-32.81805822,0.27,2,6,34,8.3
"h058",151.3092793,-32.81805822,0.52,2,6,10,8.1
"h059",151.3100633,-32.81783431,0.13,2,6,32,8.5
"h059",151.3100633,-32.81783431,0.33,2,6,49,8.5
"h059",151.3100633,-32.81783431,0.45,2,6,32,8.3
"h059",151.3100633,-32.81783431,0.65,2,6,10,8.3
"h059",151.3100633,-32.81783431,0.9,2,6,10,8.6
"h060",151.3062249,-32.81747578,0.09,2,6,10,5.7
"h060",151.3062249,-32.81747578,0.44,2,6,49,5.9
"h060",151.3062249,-32.81747578,0.78,2,6,34,6.7
"h061",151.3109198,-32.81828781,0.1,2,6,40,7.3
"h061",151.3109198,-32.81828781,0.41,2,6,40,7
"h061",151.3109198,-32.81828781,0.72,2,6,57,6.1
"h061",151.3109198,-32.81828781,0.91,2,6,22,5.9
"h062",151.3116797,-32.81820787,0.12,2,6,40,5.7
"h062",151.3116797,-32.81820787,0.29,2,6,40,7.1
"h062",151.3116797,-32.81820787,0.48,2,6,45,7.1
"h062",151.3116797,-32.81820787,0.82,2,6,45,7.1
"h063",151.3124636,-32.81855214,0.08,2,6,40,7.3
"h063",151.3124636,-32.81855214,0.22,2,6,40,7.7
"h063",151.3124636,-32.81855214,0.42,2,6,49,8.3
"h063",151.3124636,-32.81855214,0.78,2,6,49,7.8
"h064",151.293607,-32.82493444,0.08,2,6,34,5.5
"h064",151.293607,-32.82493444,0.3,2,6,49,5.7
"h064",151.293607,-32.82493444,0.52,2,6,49,5.3
"h064",151.293607,-32.82493444,0.8,2,6,49,5.3
"h065",151.292882,-32.82430225,0.04,2,6,21,6.3
"h065",151.292882,-32.82430225,0.14,2,6,34,6.5
"h065",151.292882,-32.82430225,0.34,2,6,32,6.7
"h065",151.292882,-32.82430225,0.59,2,6,40,6.4
"h065",151.292882,-32.82430225,0.85,2,6,40,6.2
"h066",151.2919773,-32.82301823,0.05,2,6,21,6.4
"h066",151.2919773,-32.82301823,0.16,2,6,40,6.7
"h066",151.2919773,-32.82301823,0.36,2,6,49,6.5
"h066",151.2919773,-32.82301823,0.59,2,6,57,6.2
"h066",151.2919773,-32.82301823,0.75,2,6,57,5.8
"h066",151.2919773,-32.82301823,0.91,2,6,49,5.5
"h067",151.2908845,-32.82095601,0.12,2,6,34,5.5
"h067",151.2908845,-32.82095601,0.27,2,6,40,6
"h067",151.2908845,-32.82095601,0.38,2,6,45,5.1
"h067",151.2908845,-32.82095601,0.63,2,6,49,4.5
"h068",151.2900416,-32.81923991,0.07,2,6,45,5.3
"h068",151.2900416,-32.81923991,0.23,2,6,49,5.9
"h068",151.2900416,-32.81923991,0.36,2,6,49,5.9
"h068",151.2900416,-32.81923991,0.61,2,6,49,5.5
"h069",151.2888709,-32.81901647,0.08,2,6,40,5.6
"h069",151.2888709,-32.81901647,0.29,2,6,49,6.3
"h069",151.2888709,-32.81901647,0.55,2,6,49,5.6
"h069",151.2888709,-32.81901647,0.84,2,6,49,5.3
"h070",151.2877406,-32.81891984,0.11,2,6,45,6.2
"h070",151.2877406,-32.81891984,0.47,2,6,49,6.4
"h070",151.2877406,-32.81891984,0.88,2,6,32,5.8
"h070",151.2877406,-32.81891984,1.12,2,6,49,5.8
"h071",151.29578,-32.82357513,0.12,2,6,34,6.34
"h071",151.29578,-32.82357513,0.34,2,6,49,6.53
"h071",151.29578,-32.82357513,0.72,2,6,57,6.05
"h072",151.2943652,-32.82382643,0.05,2,6,21,5.34
"h072",151.2943652,-32.82382643,0.18,2,6,45,5.5
"h072",151.2943652,-32.82382643,0.36,2,6,45,5.53
"h072",151.2943652,-32.82382643,0.73,2,6,40,5.13
"h073",151.294525,-32.82328747,0.03,2,6,21,5.41
"h073",151.294525,-32.82328747,0.14,2,6,40,5.63
"h073",151.294525,-32.82328747,0.31,2,6,49,5.57
"h073",151.294525,-32.82328747,0.49,2,6,49,5.86
"h073",151.294525,-32.82328747,0.8,2,6,40,6.55
"h074",151.2933206,-32.8231538,0.05,2,6,21,6.09
"h074",151.2933206,-32.8231538,0.19,2,6,45,6.2
"h074",151.2933206,-32.8231538,0.39,2,6,49,5.99
"h074",151.2933206,-32.8231538,0.63,2,6,45,5.8
"h075",151.2928709,-32.82265163,0.09,2,6,34,5.72
"h075",151.2928709,-32.82265163,0.27,2,6,45,6.28
"h075",151.2928709,-32.82265163,0.5,2,6,49,5.7
"h075",151.2928709,-32.82265163,0.81,2,6,49,5.52
"h076",151.2925266,-32.82222304,0.05,2,6,24,5.72
"h076",151.2925266,-32.82222304,0.19,2,6,24,5.77
"h076",151.2925266,-32.82222304,0.34,2,6,15,5.85
"h076",151.2925266,-32.82222304,0.64,2,6,23,5.74
"h076",151.2925266,-32.82222304,0.94,2,6,49,4.94
"h077",151.2922776,-32.82072249,0.05,2,6,34,5.5
"h077",151.2922776,-32.82072249,0.33,2,6,34,5.8
"h077",151.2922776,-32.82072249,0.78,2,6,22,5.9
"h078",151.2958726,-32.82263842,0.05,2,6,21,5.25
"h078",151.2958726,-32.82263842,0.18,2,6,21,6
"h078",151.2958726,-32.82263842,0.4,2,6,49,6.09
"h078",151.2958726,-32.82263842,0.72,2,6,40,6.15
"h079",151.2956775,-32.82334826,0.09,2,6,45,5.91
"h079",151.2956775,-32.82334826,0.25,2,6,32,6.64
"h079",151.2956775,-32.82334826,0.44,2,6,57,6.5
"h079",151.2956775,-32.82334826,0.75,2,6,57,5.85
"h080",151.2960804,-32.82350707,0.05,2,6,34,5.8
"h080",151.2960804,-32.82350707,0.15,2,6,32,7
"h080",151.2960804,-32.82350707,0.29,2,6,57,6.84
"h080",151.2960804,-32.82350707,0.51,2,6,57,6.68
"h080",151.2960804,-32.82350707,0.7,2,6,49,6.55
"h081",151.2967209,-32.82352481,0.07,2,6,34,5.99
"h081",151.2967209,-32.82352481,0.21,2,6,34,6.7
"h081",151.2967209,-32.82352481,0.44,2,6,49,6.77
"h081",151.2967209,-32.82352481,0.77,2,6,49,6.44
"h081",151.2967209,-32.82352481,0.98,2,6,57,5.95
"h082",151.2980175,-32.82386713,0.1,2,6,40,6.23
"h082",151.2980175,-32.82386713,0.27,2,6,40,6.98
"h082",151.2980175,-32.82386713,0.45,2,6,49,6.42
"h082",151.2980175,-32.82386713,0.78,2,6,49,6.18
"h083",151.2972345,-32.82347769,0.06,2,6,10,6.53
"h083",151.2972345,-32.82347769,0.23,2,6,21,7.15
"h083",151.2972345,-32.82347769,0.5,2,6,57,7.11
"h083",151.2972345,-32.82347769,0.83,2,6,57,7.22
"h084",151.2985913,-32.82402826,0.04,2,6,40,5.77
"h084",151.2985913,-32.82402826,0.32,2,6,45,6.3
"h084",151.2985913,-32.82402826,0.67,2,6,49,6.83
"h084",151.2985913,-32.82402826,0.89,2,6,49,6.57
"h085",151.2966572,-32.82182837,0.09,2,6,23,6.32
"h085",151.2966572,-32.82182837,0.25,2,6,15,6.45
"h085",151.2966572,-32.82182837,0.46,2,6,49,6.75
"h085",151.2966572,-32.82182837,0.69,2,6,40,6.52
"h085",151.2966572,-32.82182837,0.88,2,6,45,5.45
"h086",151.2981086,-32.82133404,0.05,2,6,21,5.95
"h086",151.2981086,-32.82133404,0.17,2,6,45,5.75
"h086",151.2981086,-32.82133404,0.38,2,6,49,6.17
"h086",151.2981086,-32.82133404,0.58,2,6,49,5.6
"h086",151.2981086,-32.82133404,0.78,2,6,45,5.72
"h086",151.2981086,-32.82133404,0.95,2,6,45,NA
"h087",151.2988251,-32.82073049,0.05,2,6,21,6.6
"h087",151.2988251,-32.82073049,0.14,2,6,21,6.34
"h087",151.2988251,-32.82073049,0.28,2,6,49,6.59
"h087",151.2988251,-32.82073049,0.61,2,6,49,6.27
"h087",151.2988251,-32.82073049,0.93,2,6,45,5.78
"h088",151.3008575,-32.82169607,0.09,2,6,21,6.01
"h088",151.3008575,-32.82169607,0.26,2,6,45,6.24
"h088",151.3008575,-32.82169607,0.41,2,6,45,6.4
"h088",151.3008575,-32.82169607,0.55,2,6,45,6.66
"h088",151.3008575,-32.82169607,0.7,2,6,45,6.45
"h088",151.3008575,-32.82169607,0.88,2,6,NA,6.84
"h089",151.3030102,-32.8208324,0.13,2,6,21,5.88
"h089",151.3030102,-32.8208324,0.43,2,6,49,6.47
"h089",151.3030102,-32.8208324,0.71,2,6,49,6.46
"h089",151.3030102,-32.8208324,0.91,2,6,45,5.94
"h090",151.304056,-32.82088265,0.05,2,6,40,6.17
"h090",151.304056,-32.82088265,0.14,2,6,45,6.86
"h090",151.304056,-32.82088265,0.44,2,6,49,6.47
"h090",151.304056,-32.82088265,0.78,2,6,45,6.95
"h090",151.304056,-32.82088265,0.93,2,6,40,6.15
"h091",151.2999919,-32.81666976,0.08,2,6,45,6.2
"h091",151.2999919,-32.81666976,0.27,2,6,49,6.94
"h091",151.2999919,-32.81666976,0.5,2,6,45,6.69
"h091",151.2999919,-32.81666976,0.76,2,6,49,7.02
"h091",151.2999919,-32.81666976,0.96,2,6,49,7.19
"h092",151.3082836,-32.82156218,0.13,2,6,40,8.73
"h092",151.3082836,-32.82156218,0.33,2,6,23,9.31
"h092",151.3082836,-32.82156218,0.5,2,6,10,9.42
"h092",151.3082836,-32.82156218,0.79,2,6,23,9.45
"h093",151.3081973,-32.82104693,0.16,2,6,40,9.21
"h093",151.3081973,-32.82104693,0.36,2,6,15,9.4
"h093",151.3081973,-32.82104693,0.61,2,6,21,9.65
"h093",151.3081973,-32.82104693,0.9,2,6,21,9.6
"h094",151.30803,-32.82085527,0.08,2,6,40,9.14
"h094",151.30803,-32.82085527,0.2,2,6,34,9.38
"h094",151.30803,-32.82085527,0.31,2,6,34,9.23
"h094",151.30803,-32.82085527,0.53,2,6,10,9.34
"h094",151.30803,-32.82085527,0.84,2,6,24,9.4
"h095",151.3077701,-32.82048197,0.09,2,6,49,7.06
"h095",151.3077701,-32.82048197,0.39,2,6,49,7.34
"h095",151.3077701,-32.82048197,0.79,2,6,57,7.53
"h096",151.3070495,-32.8207428,0.06,2,6,49,7.37
"h096",151.3070495,-32.8207428,0.25,2,6,49,7.97
"h096",151.3070495,-32.8207428,0.53,2,6,40,8.18
"h096",151.3070495,-32.8207428,0.84,2,6,57,8.16
"h097",151.3069405,-32.82029037,0.11,2,6,40,8.08
"h097",151.3069405,-32.82029037,0.43,2,6,49,8.11
"h097",151.3069405,-32.82029037,0.82,2,6,57,8.37
"h098",151.3055506,-32.82036175,0.1,2,6,10,6.45
"h098",151.3055506,-32.82036175,0.28,2,6,21,7.21
"h098",151.3055506,-32.82036175,0.52,2,6,57,7.75
"h098",151.3055506,-32.82036175,0.84,2,6,57,7.85
"h106",151.307644,-32.82318597,0.1,2,6,49,6.65
"h106",151.307644,-32.82318597,0.29,2,6,49,7.25
"h106",151.307644,-32.82318597,0.61,2,6,23,8.63
"h107",151.3082404,-32.82271603,0.12,2,6,32,7.96
"h107",151.3082404,-32.82271603,0.38,2,6,32,7.9
"h107",151.3082404,-32.82271603,0.64,2,6,45,7.78
"h107",151.3082404,-32.82271603,0.83,2,6,32,8.5
"h107",151.3082404,-32.82271603,0.95,2,6,49,8.14
"h108",151.3088475,-32.82224622,0.13,2,6,45,7.55
"h108",151.3088475,-32.82224622,0.57,2,6,57,7.82
"h108",151.3088475,-32.82224622,0.94,2,6,57,7.87
"h109",151.3092779,-32.82208068,0.1,2,6,45,6.73
"h109",151.3092779,-32.82208068,0.48,2,6,57,6.25
"h109",151.3092779,-32.82208068,0.85,2,6,49,6.18
"h110",151.3161265,-32.82255181,0.17,2,6,40,7
"h110",151.3161265,-32.82255181,0.37,2,6,49,6.78
"h110",151.3161265,-32.82255181,0.55,2,6,49,6.65
"h110",151.3161265,-32.82255181,0.85,2,6,45,6.56
"h111",151.3108335,-32.82172288,0.02,2,6,34,6.9
"h111",151.3108335,-32.82172288,0.13,2,6,45,7.25
"h111",151.3108335,-32.82172288,0.41,2,6,49,6.64
"h111",151.3108335,-32.82172288,0.8,2,6,45,5.96
"h112",151.3117401,-32.81953448,0.07,2,6,45,7.05
"h112",151.3117401,-32.81953448,0.27,2,6,49,7.44
"h112",151.3117401,-32.81953448,0.6,2,6,45,7.77
"h112",151.3117401,-32.81953448,0.9,2,6,49,7.28
"h113",151.3166245,-32.82502972,0.03,2,6,14,7.52
"h113",151.3166245,-32.82502972,0.12,2,6,15,7.25
"h113",151.3166245,-32.82502972,0.3,2,6,57,6.44
"h113",151.3166245,-32.82502972,0.56,2,6,NA,6.44
"h114",151.3166374,-32.82434445,0.05,2,6,34,5.95
"h114",151.3166374,-32.82434445,0.13,2,6,34,6.31
"h114",151.3166374,-32.82434445,0.33,2,6,45,5.78
"h114",151.3166374,-32.82434445,0.7,2,6,49,5.78
"h115",151.3164653,-32.82384608,0.05,2,6,34,5.96
"h115",151.3164653,-32.82384608,0.16,2,6,45,6.96
"h115",151.3164653,-32.82384608,0.48,2,6,45,5.95
"h115",151.3164653,-32.82384608,0.88,2,6,57,5.86
"h116",151.3166907,-32.82321779,0.05,2,6,21,5.92
"h116",151.3166907,-32.82321779,0.16,2,6,21,6.73
"h116",151.3166907,-32.82321779,0.49,2,6,NA,5.82
"h116",151.3166907,-32.82321779,0.89,2,6,34,5.86
"h117",151.3162704,-32.82228317,0.23,2,6,32,6.03
"h117",151.3162704,-32.82228317,0.63,2,6,49,6.38
"h118",151.3159473,-32.82072755,0.03,2,6,24,8.23
"h118",151.3159473,-32.82072755,0.13,2,6,21,7.96
"h118",151.3159473,-32.82072755,0.4,2,6,57,7.86
"h118",151.3159473,-32.82072755,0.7,2,6,57,7.38
"h119",151.3154245,-32.81956608,0.05,2,6,34,8.93
"h119",151.3154245,-32.81956608,0.17,2,6,45,9.04
"h119",151.3154245,-32.81956608,0.47,2,6,57,8.56
"h119",151.3154245,-32.81956608,0.76,2,6,49,8.18
"h119",151.3154245,-32.81956608,0.86,2,6,49,7.91
"h119",151.3154245,-32.81956608,0.95,2,6,49,7.89
"h120",151.2937277,-32.82476473,0.03,2,6,21,5.93
"h120",151.2937277,-32.82476473,0.16,2,6,40,6.1
"h120",151.2937277,-32.82476473,0.38,2,6,45,6.7
"h120",151.2937277,-32.82476473,0.65,2,6,45,5.95
"h120",151.2937277,-32.82476473,0.9,2,6,45,5.91
"h121",151.2929006,-32.82444681,0.09,2,6,21,5.87
"h121",151.2929006,-32.82444681,0.23,2,6,49,6.55
"h121",151.2929006,-32.82444681,0.45,2,6,45,5.71
"h121",151.2929006,-32.82444681,0.7,2,6,40,5.71
"h121",151.2929006,-32.82444681,0.9,2,6,40,6.13
"h122",151.2923084,-32.82525043,0.12,2,6,21,6.1
"h122",151.2923084,-32.82525043,0.36,2,6,49,7.2
"h122",151.2923084,-32.82525043,0.56,2,6,40,5.97
"h122",151.2923084,-32.82525043,0.69,2,6,40,6.17
"h122",151.2923084,-32.82525043,0.81,2,6,32,5.8
"h122",151.2923084,-32.82525043,0.93,2,6,32,6.12
"h123",151.2913714,-32.82509334,0.14,2,6,21,6
"h123",151.2913714,-32.82509334,0.44,2,6,49,6.82
"h123",151.2913714,-32.82509334,0.8,2,6,45,6.15
"h124",151.2905943,-32.82495646,0.08,2,6,40,6.04
"h124",151.2905943,-32.82495646,0.41,2,6,49,6.2
"h124",151.2905943,-32.82495646,0.83,2,6,45,6.11
"h125",151.2902429,-32.82545672,0.07,2,6,40,6.16
"h125",151.2902429,-32.82545672,0.24,2,6,40,6.61
"h125",151.2902429,-32.82545672,0.45,2,6,45,6.64
"h125",151.2902429,-32.82545672,0.78,2,6,40,6.31
"h126",151.2898038,-32.82607303,0.11,2,6,45,7.5
"h126",151.2898038,-32.82607303,0.34,2,6,45,7.78
"h126",151.2898038,-32.82607303,0.64,2,6,45,7.84
"h126",151.2898038,-32.82607303,0.91,2,6,40,NA
"h127",151.3004564,-32.82817527,0.07,2,6,24,6.92
"h127",151.3004564,-32.82817527,0.22,2,6,34,7.28
"h127",151.3004564,-32.82817527,0.41,2,6,39,7.42
"h127",151.3004564,-32.82817527,0.73,2,6,31,8.95
"h127",151.3004564,-32.82817527,0.97,2,6,NA,9.08
"h128",151.2998397,-32.82746342,0.09,2,7,24,6.92
"h128",151.2998397,-32.82746342,0.23,2,7,40,7.2
"h128",151.2998397,-32.82746342,0.49,2,7,40,7.2
"h128",151.2998397,-32.82746342,0.8,2,7,21,7.3
"h128",151.2998397,-32.82746342,0.95,2,7,21,7.41
"h129",151.2997299,-32.82705607,0.14,2,7,24,6.97
"h129",151.2997299,-32.82705607,0.42,2,7,45,7.34
"h129",151.2997299,-32.82705607,0.68,2,7,45,7.21
"h129",151.2997299,-32.82705607,0.9,2,7,49,6.4
"h130",151.2997847,-32.82586631,0.06,2,7,10,5.93
"h130",151.2997847,-32.82586631,0.16,2,7,21,6.24
"h130",151.2997847,-32.82586631,0.45,2,7,45,6.34
"h130",151.2997847,-32.82586631,0.85,2,7,45,5.53
"h131",151.2990218,-32.82554028,0.06,2,7,21,5.18
"h131",151.2990218,-32.82554028,0.19,2,7,45,6.52
"h131",151.2990218,-32.82554028,0.41,2,7,24,5.43
"h131",151.2990218,-32.82554028,0.69,2,7,14,5.82
"h131",151.2990218,-32.82554028,0.91,2,7,32,5.55
"h132",151.2994427,-32.82475233,0.03,2,7,24,6.32
"h132",151.2994427,-32.82475233,0.2,2,7,24,5.97
"h132",151.2994427,-32.82475233,0.49,2,7,49,6.11
"h132",151.2994427,-32.82475233,0.82,2,7,49,5.68
"h133",151.2997604,-32.82377358,0.13,2,7,24,5.1
"h133",151.2997604,-32.82377358,0.41,2,7,34,6.8
"h133",151.2997604,-32.82377358,0.78,2,7,34,6.91
"h134",151.300542,-32.82816742,0.05,2,7,21,4.92
"h134",151.300542,-32.82816742,0.24,2,7,45,5.69
"h134",151.300542,-32.82816742,0.44,2,7,40,5.94
"h134",151.300542,-32.82816742,0.59,2,7,40,5.91
"h134",151.300542,-32.82816742,0.74,2,7,34,6.29
"h134",151.300542,-32.82816742,0.9,2,7,NA,6.62
"h135",151.3013293,-32.82777225,0.2,2,7,34,6.14
"h135",151.3013293,-32.82777225,0.5,2,7,34,6.14
"h135",151.3013293,-32.82777225,0.8,2,7,21,7.96
"h136",151.3012926,-32.82689691,0.05,2,7,21,6
"h136",151.3012926,-32.82689691,0.21,2,7,34,6
"h136",151.3012926,-32.82689691,0.5,2,7,40,6.5
"h136",151.3012926,-32.82689691,0.82,2,7,45,7
"h137",151.302054,-32.82617671,0.1,2,7,34,5.9
"h137",151.302054,-32.82617671,0.31,2,7,40,6.3
"h137",151.302054,-32.82617671,0.57,2,7,45,6.8
"h137",151.302054,-32.82617671,0.81,2,7,40,6.6
"h137",151.302054,-32.82617671,0.95,2,7,32,6.3
"h138",151.3019967,-32.82469682,0.09,2,7,15,5.6
"h138",151.3019967,-32.82469682,0.25,2,7,8,5.9
"h138",151.3019967,-32.82469682,0.54,2,7,45,5.3
"h138",151.3019967,-32.82469682,0.87,2,7,45,4.9
"h139",151.3029731,-32.82390737,0.04,2,7,45,5.9
"h139",151.3029731,-32.82390737,0.18,2,7,40,5.8
"h139",151.3029731,-32.82390737,0.49,2,7,49,5.4
"h139",151.3029731,-32.82390737,0.83,2,7,32,5.5
"h140",151.3034763,-32.82272369,0.17,2,7,22,5.3
"h140",151.3034763,-32.82272369,0.44,2,7,21,4.9
"h140",151.3034763,-32.82272369,0.7,2,7,40,5.9
"h141",151.3006698,-32.82818719,0.13,2,7,49,6.2
"h141",151.3006698,-32.82818719,0.33,2,7,40,7.7
"h141",151.3006698,-32.82818719,0.54,2,7,40,7.1
"h141",151.3006698,-32.82818719,0.75,2,7,22,7.06
"h141",151.3006698,-32.82818719,0.91,2,7,32,7.7
"h142",151.302449,-32.82843681,0.04,2,7,NA,6.1
"h142",151.302449,-32.82843681,0.18,2,7,34,6.8
"h142",151.302449,-32.82843681,0.36,2,7,34,7.5
"h142",151.302449,-32.82843681,0.56,2,7,24,7.9
"h142",151.302449,-32.82843681,0.84,2,7,10,8.1
"h143",151.3038244,-32.82857271,0.05,2,7,34,7
"h143",151.3038244,-32.82857271,0.26,2,7,40,7.3
"h143",151.3038244,-32.82857271,0.45,2,7,NA,7.8
"h144",151.3051195,-32.82787776,0.09,2,7,45,6.5
"h144",151.3051195,-32.82787776,0.23,2,7,49,7.3
"h144",151.3051195,-32.82787776,0.41,2,7,40,8
"h144",151.3051195,-32.82787776,0.78,2,7,40,8.4
"h145",151.3076451,-32.82650497,0.09,2,7,10,7.4
"h145",151.3076451,-32.82650497,0.25,2,7,40,8.2
"h145",151.3076451,-32.82650497,0.47,2,7,57,8
"h145",151.3076451,-32.82650497,0.68,2,7,57,7.7
"h145",151.3076451,-32.82650497,0.88,2,7,NA,7.8
"h146",151.3093209,-32.8277001,0.06,2,7,40,5.6
"h146",151.3093209,-32.8277001,0.18,2,7,40,7.03
"h146",151.3093209,-32.8277001,0.55,2,7,57,5.5
"h147",151.3125983,-32.82950303,0.1,2,7,39,6.6
"h147",151.3125983,-32.82950303,0.36,2,7,57,6.5
"h155",151.3170973,-32.82545095,0.09,2,7,8,6.72
"h155",151.3170973,-32.82545095,0.3,2,7,14,6.57
"h155",151.3170973,-32.82545095,0.7,2,7,NA,5.93
"h155",151.3170973,-32.82545095,0.88,2,7,NA,5.5
"h155",151.3170973,-32.82545095,0.97,2,7,14,5.93
"h156",151.3174101,-32.82585199,0.13,2,7,21,6.69
"h156",151.3174101,-32.82585199,0.35,2,7,21,6.86
"h156",151.3174101,-32.82585199,0.6,2,7,45,6.54
"h156",151.3174101,-32.82585199,0.84,2,7,NA,6.29
"h157",151.3176598,-32.82620709,0.1,2,7,8,5.68
"h157",151.3176598,-32.82620709,0.29,2,7,14,7.11
"h157",151.3176598,-32.82620709,0.59,2,7,32,6.33
"h157",151.3176598,-32.82620709,0.9,2,7,49,6.18
"h158",151.3172122,-32.82785155,0.13,2,7,22,6.19
"h158",151.3172122,-32.82785155,0.31,2,7,45,5.1
"h158",151.3172122,-32.82785155,0.41,2,7,45,5.68
"h158",151.3172122,-32.82785155,0.55,2,7,49,5.89
"h158",151.3172122,-32.82785155,0.72,2,7,49,6.03
"h159",151.317562,-32.82912794,0.04,2,7,15,6.1
"h159",151.317562,-32.82912794,0.11,2,7,10,6.4
"h159",151.317562,-32.82912794,0.45,2,7,57,6.32
"h159",151.317562,-32.82912794,0.88,2,7,49,5.64
"h160",151.3186267,-32.82988181,0.09,2,7,15,6.05
"h160",151.3186267,-32.82988181,0.25,2,7,10,6.71
"h160",151.3186267,-32.82988181,0.54,2,7,57,6.49
"h160",151.3186267,-32.82988181,0.88,2,7,49,6.43
"h161",151.3205228,-32.83130521,0.11,2,7,21,5.66
"h161",151.3205228,-32.83130521,0.42,2,7,49,5.48
"h161",151.3205228,-32.83130521,0.81,2,7,57,6.52
"h162",151.3175241,-32.82490653,0.04,2,7,22,5.73
"h162",151.3175241,-32.82490653,0.11,2,7,22,6.13
"h162",151.3175241,-32.82490653,0.36,2,7,21,5.61
"h162",151.3175241,-32.82490653,0.67,2,7,45,5.3
"h163",151.3182913,-32.82500703,0.05,2,7,22,5.9
"h163",151.3182913,-32.82500703,0.36,2,7,57,6.35
"h163",151.3182913,-32.82500703,0.75,2,7,57,6
"h164",151.3198582,-32.8257496,0.05,2,7,21,6.3
"h164",151.3198582,-32.8257496,0.17,2,7,21,5.8
"h164",151.3198582,-32.8257496,0.53,2,7,49,5.8
"h164",151.3198582,-32.8257496,0.84,2,7,49,5.5
"h165",151.3211763,-32.82722837,0.1,2,7,21,5.75
"h165",151.3211763,-32.82722837,0.34,2,7,57,6.46
"h165",151.3211763,-32.82722837,0.66,2,7,45,6.23
"h165",151.3211763,-32.82722837,0.88,2,7,49,6
"h166",151.3207107,-32.82813304,0.1,2,7,15,5.75
"h166",151.3207107,-32.82813304,0.38,2,7,49,6.34
"h166",151.3207107,-32.82813304,0.78,2,7,49,5.95
"h167",151.3204077,-32.82890461,0.05,2,7,21,5.3
"h167",151.3204077,-32.82890461,0.15,2,7,21,6.66
"h167",151.3204077,-32.82890461,0.45,2,7,49,6.3
"h167",151.3204077,-32.82890461,0.72,2,7,49,6.3
"h168",151.3213711,-32.83107308,0.08,2,7,40,5.83
"h168",151.3213711,-32.83107308,0.22,2,7,34,6.25
"h168",151.3213711,-32.83107308,0.56,2,7,49,6.41
"h168",151.3213711,-32.83107308,0.88,2,7,49,6.2
"h176",151.3004152,-32.82809354,0.17,2,7,21,6.82
"h176",151.3004152,-32.82809354,0.4,2,7,32,8.28
"h176",151.3004152,-32.82809354,0.68,2,7,22,9.08
"h176",151.3004152,-32.82809354,0.95,2,7,32,8.95
"h177",151.3024771,-32.82920381,0.14,2,7,34,6.58
"h177",151.3024771,-32.82920381,0.34,2,7,34,7.42
"h177",151.3024771,-32.82920381,0.69,2,7,21,8.37
"h178",151.3035408,-32.82944371,0.07,2,7,34,8.67
"h178",151.3035408,-32.82944371,0.2,2,7,32,9.07
"h178",151.3035408,-32.82944371,0.33,2,7,45,9.2
"h178",151.3035408,-32.82944371,0.54,2,7,21,8.76
"h178",151.3035408,-32.82944371,0.84,2,7,14,8.97
"h179",151.3043374,-32.82967998,0.1,2,7,34,7.88
"h179",151.3043374,-32.82967998,0.39,2,7,49,7.25
"h179",151.3043374,-32.82967998,0.78,2,7,32,8.32
"h180",151.3051299,-32.83014166,0.05,2,7,49,7.49
"h180",151.3051299,-32.83014166,0.2,2,7,49,7.84
"h180",151.3051299,-32.83014166,0.55,2,7,32,8.8
"h180",151.3051299,-32.83014166,0.9,2,7,NA,9.02
"h181",151.3064648,-32.83015974,0.09,2,7,45,5.56
"h181",151.3064648,-32.83015974,0.23,2,7,49,6.11
"h181",151.3064648,-32.83015974,0.54,2,7,57,6.09
"h181",151.3064648,-32.83015974,0.9,2,7,57,6.93
"h182",151.3094146,-32.8295232,0.09,2,7,32,9.02
"h182",151.3094146,-32.8295232,0.43,2,7,49,9.17
"h182",151.3094146,-32.8295232,0.84,2,7,57,9.84
"k001",151.2950055,-32.8283266,0.06,3,9,34,6.31
"k001",151.2950055,-32.8283266,0.18,3,9,34,6.64
"k001",151.2950055,-32.8283266,0.43,3,9,49,6.58
"k001",151.2950055,-32.8283266,0.82,3,9,49,6.03
"k002",151.2965263,-32.82812184,0.07,3,9,34,5.92
"k002",151.2965263,-32.82812184,0.23,3,9,34,7.22
"k002",151.2965263,-32.82812184,0.5,3,9,49,6.37
"k002",151.2965263,-32.82812184,0.84,3,9,45,6.48
"k003",151.2972739,-32.82869119,0.09,3,9,34,6.19
"k003",151.2972739,-32.82869119,0.31,3,9,40,6.48
"k003",151.2972739,-32.82869119,0.58,3,9,49,6.91
"k003",151.2972739,-32.82869119,0.85,3,9,57,6.63
"k004",151.2975543,-32.82910988,0.13,3,9,34,6.26
"k004",151.2975543,-32.82910988,0.35,3,9,40,6.42
"k004",151.2975543,-32.82910988,0.54,3,9,49,6.38
"k004",151.2975543,-32.82910988,0.82,3,9,57,6.3
"k005",151.2977698,-32.82957278,0.2,3,9,21,5.59
"k005",151.2977698,-32.82957278,0.52,3,9,21,6.46
"k005",151.2977698,-32.82957278,0.81,3,9,57,6.47
"k006",151.2990824,-32.83076309,0.06,3,9,49,6.02
"k006",151.2990824,-32.83076309,0.31,3,9,40,6.82
"k006",151.2990824,-32.83076309,0.75,3,9,49,7.4
"k007",151.300684,-32.83248943,0.1,3,9,45,6.57
"k007",151.300684,-32.83248943,0.55,3,9,49,7.56
"k007",151.300684,-32.83248943,0.95,3,9,49,7.4
"k008",151.3004359,-32.8281299,0.05,3,9,24,5.74
"k008",151.3004359,-32.8281299,0.19,3,9,45,6.09
"k008",151.3004359,-32.8281299,0.43,3,9,45,7.28
"k008",151.3004359,-32.8281299,0.79,3,9,49,8.08
"k009",151.2991685,-32.82849148,0.09,3,9,40,6.12
"k009",151.2991685,-32.82849148,0.33,3,9,45,6.71
"k009",151.2991685,-32.82849148,0.61,3,9,57,6.76
"k009",151.2991685,-32.82849148,0.87,3,9,49,6.66
"k010",151.2996832,-32.82894942,0.1,3,9,40,6.24
"k010",151.2996832,-32.82894942,0.3,3,9,57,6.71
"k010",151.2996832,-32.82894942,0.52,3,9,57,6.75
"k010",151.2996832,-32.82894942,0.72,3,9,49,6.48
"k010",151.2996832,-32.82894942,0.9,3,9,32,6
"k011",151.2997169,-32.82941887,0.08,3,9,40,7.23
"k011",151.2997169,-32.82941887,0.23,3,9,49,7.1
"k011",151.2997169,-32.82941887,0.41,3,9,57,6.73
"k011",151.2997169,-32.82941887,0.72,3,9,57,6.75
"k012",151.2991573,-32.82963674,0.14,3,9,40,7.08
"k012",151.2991573,-32.82963674,0.44,3,9,45,7.61
"k012",151.2991573,-32.82963674,0.74,3,9,45,7.3
"k012",151.2991573,-32.82963674,0.95,3,9,57,7.55
"k013",151.2996743,-32.83053664,0.17,3,9,40,6.35
"k013",151.2996743,-32.83053664,0.45,3,9,57,7.24
"k013",151.2996743,-32.83053664,0.69,3,9,49,7.4
"k014",151.3005372,-32.83234314,0.13,3,9,40,6.2
"k014",151.3005372,-32.83234314,0.3,3,9,49,6.7
"k014",151.3005372,-32.83234314,0.62,3,9,57,6.1
"k015",151.3003726,-32.82808395,0.04,3,9,NA,7.5
"k015",151.3003726,-32.82808395,0.19,3,9,49,8.3
"k015",151.3003726,-32.82808395,0.42,3,9,45,8.8
"k015",151.3003726,-32.82808395,0.77,3,9,45,8.1
"k016",151.3027222,-32.82867501,0.09,3,9,49,6.66
"k016",151.3027222,-32.82867501,0.26,3,9,49,7.3
"k016",151.3027222,-32.82867501,0.54,3,9,49,7.99
"k016",151.3027222,-32.82867501,0.87,3,9,49,8.23
"k017",151.3037827,-32.82851803,0.05,3,9,NA,8.96
"k017",151.3037827,-32.82851803,0.25,3,9,49,8.4
"k017",151.3037827,-32.82851803,0.69,3,9,40,8.7
"k018",151.3050261,-32.82773219,0.09,3,9,40,8.2
"k018",151.3050261,-32.82773219,0.27,3,9,49,7.81
"k018",151.3050261,-32.82773219,0.43,3,9,49,8.1
"k018",151.3050261,-32.82773219,0.76,3,9,NA,8.54
"k019",151.3061374,-32.82715198,0.16,3,9,49,6.9
"k019",151.3061374,-32.82715198,0.54,3,9,57,8.8
"k019",151.3061374,-32.82715198,0.88,3,9,57,8.65
"k020",151.3077974,-32.8274901,0.16,3,9,57,8.5
"k020",151.3077974,-32.8274901,0.42,3,9,49,9.9
"k020",151.3077974,-32.8274901,0.76,3,9,57,9.38
"k021",151.3127328,-32.82917114,0.13,3,9,40,8.3
"k021",151.3127328,-32.82917114,0.46,3,9,57,7.1
"k021",151.3127328,-32.82917114,0.83,3,9,57,7.2
"k022",151.3006686,-32.82825031,0.09,3,9,40,6.94
"k022",151.3006686,-32.82825031,0.27,3,9,49,7.7
"k022",151.3006686,-32.82825031,0.56,3,9,45,9.33
"k022",151.3006686,-32.82825031,0.89,3,9,45,9.32
"k023",151.30209,-32.82933384,0.08,3,9,49,7.07
"k023",151.30209,-32.82933384,0.25,3,9,57,7.45
"k023",151.30209,-32.82933384,0.45,3,9,NA,8.77
"k023",151.30209,-32.82933384,0.78,3,9,NA,9.11
"k024",151.3028816,-32.82984062,0.08,3,9,49,7.76
"k024",151.3028816,-32.82984062,0.29,3,9,57,7.79
"k024",151.3028816,-32.82984062,0.49,3,9,57,7.94
"k024",151.3028816,-32.82984062,0.58,3,9,57,8.04
"k024",151.3028816,-32.82984062,0.81,3,9,NA,8.98
"k025",151.3028374,-32.83048037,0.05,3,9,40,7.94
"k025",151.3028374,-32.83048037,0.31,3,9,57,7.79
"k025",151.3028374,-32.83048037,0.6,3,9,40,7.79
"k025",151.3028374,-32.83048037,0.84,3,9,40,8.75
"k026",151.3031013,-32.83120547,0.09,3,9,49,8.78
"k026",151.3031013,-32.83120547,0.28,3,9,57,5.59
"k026",151.3031013,-32.83120547,0.47,3,9,40,8.62
"k026",151.3031013,-32.83120547,0.78,3,9,45,8.82
"k027",151.3022668,-32.8318345,0.14,3,9,49,8
"k027",151.3022668,-32.8318345,0.49,3,9,57,8.33
"k027",151.3022668,-32.8318345,0.84,3,9,57,8.9
"k027",151.3022668,-32.8318345,0.99,3,9,57,9.01
"k028",151.3006853,-32.8324173,0.1,3,9,40,8.33
"k028",151.3006853,-32.8324173,0.35,3,9,45,8.48
"k028",151.3006853,-32.8324173,0.75,3,9,45,8.48
"k029",151.2917498,-32.83266541,0.06,3,9,40,6.68
"k029",151.2917498,-32.83266541,0.19,3,9,49,6.93
"k029",151.2917498,-32.83266541,0.41,3,9,57,5.7
"k029",151.2917498,-32.83266541,0.67,3,9,21,6.03
"k030",151.2928265,-32.83222916,0.07,3,9,40,5.67
"k030",151.2928265,-32.83222916,0.32,3,9,49,6.56
"k030",151.2928265,-32.83222916,0.67,3,9,49,6.89
"k030",151.2928265,-32.83222916,0.92,3,9,32,6.62
"k031",151.2923054,-32.83154563,0.14,3,9,45,7.2
"k031",151.2923054,-32.83154563,0.55,3,9,57,7.54
"k031",151.2923054,-32.83154563,0.92,3,9,49,6.51
"k032",151.292047,-32.83109115,0.09,3,9,45,6.79
"k032",151.292047,-32.83109115,0.35,3,9,49,6.99
"k032",151.292047,-32.83109115,0.79,3,9,45,6.9
"k033",151.2915217,-32.83063304,0.06,3,9,40,6.95
"k033",151.2915217,-32.83063304,0.32,3,9,49,6.56
"k033",151.2915217,-32.83063304,0.61,3,9,45,5.74
"k033",151.2915217,-32.83063304,0.84,3,9,NA,6.96
"k034",151.291806,-32.82973502,0.14,3,9,40,7.9
"k034",151.291806,-32.82973502,0.58,3,9,45,6.75
"k035",151.2904926,-32.82858972,0.19,3,9,45,6.42
"k035",151.2904926,-32.82858972,0.49,3,9,45,6.6
"k035",151.2904926,-32.82858972,0.74,3,9,40,6.69
"k036",151.2917498,-32.83266541,0.06,3,9,21,7.14
"k036",151.2917498,-32.83266541,0.24,3,9,49,7.16
"k036",151.2917498,-32.83266541,0.47,3,9,32,6.71
"k036",151.2917498,-32.83266541,0.69,3,9,22,7.19
"k036",151.2917498,-32.83266541,0.91,3,9,NA,6.4
"k037",151.2935964,-32.8333039,0.05,3,10,21,7.07
"k037",151.2935964,-32.8333039,0.24,3,10,49,7.02
"k037",151.2935964,-32.8333039,0.56,3,10,57,6.31
"k037",151.2935964,-32.8333039,0.79,3,10,32,6.08
"k037",151.2935964,-32.8333039,0.91,3,10,NA,6.36
"k038",151.2941259,-32.83354561,0.05,3,10,32,6.35
"k038",151.2941259,-32.83354561,0.2,3,10,32,6.84
"k038",151.2941259,-32.83354561,0.37,3,10,32,6.78
"k038",151.2941259,-32.83354561,0.61,3,10,32,7.1
"k038",151.2941259,-32.83354561,0.89,3,10,57,7.25
"k039",151.2951007,-32.83396475,0.13,3,10,21,6.67
"k039",151.2951007,-32.83396475,0.34,3,10,45,6.89
"k039",151.2951007,-32.83396475,0.56,3,10,57,7.34
"k039",151.2951007,-32.83396475,0.81,3,10,49,7.95
"k039",151.2951007,-32.83396475,0.97,3,10,NA,7.73
"k040",151.2964533,-32.83362241,0.06,3,10,21,6.68
"k040",151.2964533,-32.83362241,0.2,3,10,21,6.94
"k040",151.2964533,-32.83362241,0.42,3,10,49,6.73
"k040",151.2964533,-32.83362241,0.68,3,10,49,6.88
"k040",151.2964533,-32.83362241,0.85,3,10,NA,7.1
"k042",151.3021233,-32.83432179,0.02,3,10,32,6.3
"k042",151.3021233,-32.83432179,0.19,3,10,22,6.35
"k042",151.3021233,-32.83432179,0.42,3,10,14,6.32
"k042",151.3021233,-32.83432179,0.64,3,10,49,5.53
"k043",151.2960077,-32.83458137,0.13,3,10,40,8.4
"k043",151.2960077,-32.83458137,0.44,3,10,57,8.3
"k043",151.2960077,-32.83458137,0.81,3,10,32,8.1
"k044",151.2968044,-32.8348177,0.09,3,10,49,7.41
"k044",151.2968044,-32.8348177,0.28,3,10,49,7.45
"k044",151.2968044,-32.8348177,0.59,3,10,49,7.63
"k044",151.2968044,-32.8348177,0.91,3,10,40,7.08
"k045",151.2976058,-32.83481056,0.05,3,10,32,6.05
"k045",151.2976058,-32.83481056,0.44,3,10,32,7.36
"k045",151.2976058,-32.83481056,0.83,3,10,32,7.47
"k045",151.2976058,-32.83481056,0.94,3,10,32,7.69
"k046",151.2989451,-32.8346033,0.07,3,10,22,7.56
"k046",151.2989451,-32.8346033,0.35,3,10,57,7
"k046",151.2989451,-32.8346033,0.69,3,10,57,6.03
"k046",151.2989451,-32.8346033,0.91,3,10,NA,5.91
"k047",151.3002717,-32.83506326,0.12,3,10,21,6.5
"k047",151.3002717,-32.83506326,0.29,3,10,21,6.32
"k047",151.3002717,-32.83506326,0.54,3,10,49,6.06
"k047",151.3002717,-32.83506326,0.75,3,10,32,6.07
"k048",151.3013404,-32.8350417,0.14,3,10,34,6.67
"k048",151.3013404,-32.8350417,0.33,3,10,57,7.38
"k048",151.3013404,-32.8350417,0.5,3,10,57,7.13
"k048",151.3013404,-32.8350417,0.81,3,10,57,6.29
"k049",151.3034602,-32.83648644,0.1,3,10,34,6.9
"k049",151.3034602,-32.83648644,0.45,3,10,49,8
"k049",151.3034602,-32.83648644,0.85,3,10,57,7.6
"k050",151.3030489,-32.83227802,0.1,3,10,45,8.23
"k050",151.3030489,-32.83227802,0.24,3,10,49,8.68
"k050",151.3030489,-32.83227802,0.39,3,10,32,8.64
"k050",151.3030489,-32.83227802,0.61,3,10,32,8.98
"k050",151.3030489,-32.83227802,0.86,3,10,32,9.36
"k051",151.3041663,-32.8325006,0.09,3,10,49,7.43
"k051",151.3041663,-32.8325006,0.47,3,10,57,7.77
"k051",151.3041663,-32.8325006,0.87,3,10,32,8.66
"k051",151.3041663,-32.8325006,0.99,3,10,NA,8.8
"k052",151.3054621,-32.83345613,0.04,3,10,10,5.72
"k052",151.3054621,-32.83345613,0.22,3,10,10,4.98
"k052",151.3054621,-32.83345613,0.44,3,10,10,5.21
"k053",151.3076373,-32.83254759,0.04,3,10,10,5.92
"k053",151.3076373,-32.83254759,0.27,3,10,57,5.85
"k053",151.3076373,-32.83254759,0.72,3,10,49,5.32
"k054",151.3094697,-32.83281587,0.17,3,10,15,5.36
"k054",151.3094697,-32.83281587,0.58,3,10,57,5.21
"k054",151.3094697,-32.83281587,0.91,3,10,57,5.04
"k055",151.3102963,-32.83372894,0.1,3,10,21,6.58
"k055",151.3102963,-32.83372894,0.29,3,10,22,6.44
"k055",151.3102963,-32.83372894,0.54,3,10,57,5.72
"k056",151.3124969,-32.83429977,0.09,3,10,21,5.3
"k056",151.3124969,-32.83429977,0.38,3,10,21,6.2
"k056",151.3124969,-32.83429977,0.69,3,10,32,5.46
"k057",151.3031974,-32.83233414,0.01,3,10,21,8.1
"k057",151.3031974,-32.83233414,0.11,3,10,49,8.01
"k057",151.3031974,-32.83233414,0.34,3,10,49,7.51
"k057",151.3031974,-32.83233414,0.66,3,10,45,7.79
"k057",151.3031974,-32.83233414,0.91,3,10,32,7.86
"k058",151.3056063,-32.83373767,0.01,3,10,45,6.56
"k058",151.3056063,-32.83373767,0.18,3,10,49,6.24
"k058",151.3056063,-32.83373767,0.52,3,10,49,5.88
"k058",151.3056063,-32.83373767,0.82,3,10,32,6.04
"k059",151.3047923,-32.83216636,0.08,3,10,21,7.31
"k059",151.3047923,-32.83216636,0.34,3,10,21,7.02
"k059",151.3047923,-32.83216636,0.62,3,10,15,7.4
"k059",151.3047923,-32.83216636,0.85,3,10,23,7.46
"k060",151.3056298,-32.83418894,0.07,3,10,22,5.61
"k060",151.3056298,-32.83418894,0.2,3,10,32,5.39
"k060",151.3056298,-32.83418894,0.33,3,10,49,5.21
"k060",151.3056298,-32.83418894,0.61,3,10,49,5.1
"k060",151.3056298,-32.83418894,0.9,3,10,45,5.09
"k061",151.3063761,-32.83483037,0.04,3,10,21,6.23
"k061",151.3063761,-32.83483037,0.13,3,10,45,5.89
"k061",151.3063761,-32.83483037,0.46,3,10,57,5.75
"k061",151.3063761,-32.83483037,0.86,3,10,49,5.15
"k062",151.3060914,-32.83688284,0.02,3,10,45,5.98
"k062",151.3060914,-32.83688284,0.13,3,10,49,6.49
"k062",151.3060914,-32.83688284,0.33,3,10,45,6.56
"k062",151.3060914,-32.83688284,0.57,3,10,49,6.66
"k062",151.3060914,-32.83688284,0.81,3,10,49,6.53
"k063",151.3052872,-32.83760249,0.19,3,10,32,6.32
"k063",151.3052872,-32.83760249,0.44,3,10,32,6.93
"k063",151.3052872,-32.83760249,0.59,3,10,57,7.09
"k063",151.3052872,-32.83760249,0.85,3,10,57,7.17
"k064",151.2956402,-32.84151195,0.09,3,10,31,6.04
"k064",151.2956402,-32.84151195,0.38,3,10,45,6.32
"k064",151.2956402,-32.84151195,0.66,3,10,49,7.71
"k064",151.2956402,-32.84151195,0.81,3,10,21,7.82
"k065",151.2955796,-32.84133074,0,3,10,21,6.98
"k065",151.2955796,-32.84133074,0.03,3,10,21,6.65
"k065",151.2955796,-32.84133074,0.15,3,10,49,6.44
"k065",151.2955796,-32.84133074,0.33,3,10,40,6.11
"k065",151.2955796,-32.84133074,0.55,3,10,32,5.16
"k065",151.2955796,-32.84133074,0.77,3,10,21,6.31
"k066",151.2953565,-32.84070539,0.03,3,10,NA,6.29
"k066",151.2953565,-32.84070539,0.1,3,10,21,6.59
"k066",151.2953565,-32.84070539,0.27,3,10,32,6.72
"k066",151.2953565,-32.84070539,0.69,3,10,22,5.58
"k066",151.2953565,-32.84070539,1.14,3,10,NA,5.12
"k067",151.2950536,-32.83978134,0.05,3,10,31,6.04
"k067",151.2950536,-32.83978134,0.16,3,10,31,6.24
"k067",151.2950536,-32.83978134,0.42,3,10,49,6.17
"k067",151.2950536,-32.83978134,0.72,3,10,49,5.65
"k067",151.2950536,-32.83978134,0.91,3,10,49,5.39
"k068",151.295094,-32.83934898,0.03,3,10,21,5.63
"k068",151.295094,-32.83934898,0.08,3,10,23,6.51
"k068",151.295094,-32.83934898,0.23,3,10,23,6.38
"k068",151.295094,-32.83934898,0.43,3,10,40,6.59
"k068",151.295094,-32.83934898,0.6,3,10,40,5.57
"k068",151.295094,-32.83934898,0.84,3,10,40,5.6
"k069",151.2945834,-32.83867461,0.08,3,10,40,6.14
"k069",151.2945834,-32.83867461,0.25,3,10,45,6.86
"k069",151.2945834,-32.83867461,0.57,3,10,57,5.9
"k069",151.2945834,-32.83867461,0.91,3,10,NA,5.4
"k070",151.2937823,-32.83866369,0.02,3,10,NA,5.75
"k070",151.2937823,-32.83866369,0.08,3,10,45,6.64
"k070",151.2937823,-32.83866369,0.31,3,10,45,7.01
"k070",151.2937823,-32.83866369,0.75,3,10,40,7.38
"k071",151.2955436,-32.84153769,0.05,3,10,34,5.5
"k071",151.2955436,-32.84153769,0.18,3,10,32,6.07
"k071",151.2955436,-32.84153769,0.37,3,10,40,7.02
"k071",151.2955436,-32.84153769,0.62,3,10,40,7.77
"k071",151.2955436,-32.84153769,0.88,3,10,32,8.57
"k072",151.2944908,-32.84127983,0.1,3,10,24,6.41
"k072",151.2944908,-32.84127983,0.28,3,10,34,6.52
"k072",151.2944908,-32.84127983,0.48,3,10,40,6.72
"k072",151.2944908,-32.84127983,0.74,3,10,31,5.52
"k072",151.2944908,-32.84127983,1.06,3,10,32,5.35
"k072",151.2944908,-32.84127983,1.25,3,10,40,5.12
"k073",151.2939635,-32.84148008,0.05,3,10,21,6.79
"k073",151.2939635,-32.84148008,0.17,3,10,21,6.13
"k073",151.2939635,-32.84148008,0.29,3,10,40,6.04
"k073",151.2939635,-32.84148008,0.54,3,10,45,5.64
"k073",151.2939635,-32.84148008,0.85,3,10,45,5.65
"k073",151.2939635,-32.84148008,0.99,3,10,49,5.09
"k074",151.2934274,-32.84102182,0.04,3,10,21,6.32
"k074",151.2934274,-32.84102182,0.16,3,10,21,6.32
"k074",151.2934274,-32.84102182,0.32,3,10,49,6.16
"k074",151.2934274,-32.84102182,0.56,3,10,49,5.75
"k074",151.2934274,-32.84102182,0.87,3,10,39,5.48
"k075",151.2929419,-32.84070855,0.04,3,10,21,6.24
"k075",151.2929419,-32.84070855,0.17,3,10,45,6.55
"k075",151.2929419,-32.84070855,0.34,3,10,49,6.32
"k075",151.2929419,-32.84070855,0.48,3,10,49,6.26
"k075",151.2929419,-32.84070855,0.68,3,10,49,5.92
"k075",151.2929419,-32.84070855,0.95,3,10,57,5.82
"k076",151.2926566,-32.84054232,0.12,3,10,45,5.9
"k076",151.2926566,-32.84054232,0.31,3,10,21,5.24
"k076",151.2926566,-32.84054232,0.42,3,10,40,5.57
"k076",151.2926566,-32.84054232,0.51,3,10,40,5.62
"k076",151.2926566,-32.84054232,0.61,3,10,32,5.65
"k076",151.2926566,-32.84054232,0.84,3,10,57,5.3
"k077",151.2925019,-32.8402516,0.08,3,10,21,6.42
"k077",151.2925019,-32.8402516,0.26,3,10,57,5.77
"k077",151.2925019,-32.8402516,0.59,3,10,57,5.56
"k077",151.2925019,-32.8402516,0.91,3,10,57,4.88
"k078",151.2980899,-32.84134688,0.1,3,11,45,5.1
"k078",151.2980899,-32.84134688,0.35,3,11,57,5.11
"k078",151.2980899,-32.84134688,0.63,3,11,57,5.14
"k078",151.2980899,-32.84134688,0.88,3,11,57,5.15
"k079",151.2982939,-32.84073636,0.05,3,11,40,6.1
"k079",151.2982939,-32.84073636,0.14,3,11,40,5.99
"k079",151.2982939,-32.84073636,0.25,3,11,57,5.36
"k079",151.2982939,-32.84073636,0.47,3,11,57,5.21
"k079",151.2982939,-32.84073636,0.75,3,11,57,5.1
"k079",151.2982939,-32.84073636,0.93,3,11,57,5.9
"k080",151.2982563,-32.84046528,0.09,3,11,45,5.79
"k080",151.2982563,-32.84046528,0.23,3,11,49,6.42
"k080",151.2982563,-32.84046528,0.45,3,11,57,5.72
"k080",151.2982563,-32.84046528,0.72,3,11,57,6.26
"k080",151.2982563,-32.84046528,0.91,3,11,57,5.73
"k080",151.2982563,-32.84046528,1.07,3,11,57,5.62
"k080",151.2982563,-32.84046528,1.22,3,11,57,5.64
"k081",151.297569,-32.839536,0.05,3,11,21,6.5
"k081",151.297569,-32.839536,0.14,3,11,40,6.2
"k081",151.297569,-32.839536,0.3,3,11,49,6.4
"k081",151.297569,-32.839536,0.51,3,11,57,5.6
"k081",151.297569,-32.839536,0.7,3,11,22,5.2
"k081",151.297569,-32.839536,0.83,3,11,34,5.2
"k081",151.297569,-32.839536,0.94,3,11,22,4.9
"k082",151.2968268,-32.83923729,0.04,3,11,34,6.32
"k082",151.2968268,-32.83923729,0.28,3,11,21,6.62
"k082",151.2968268,-32.83923729,0.6,3,11,21,6.22
"k082",151.2968268,-32.83923729,0.89,3,11,40,5.75
"k082",151.2968268,-32.83923729,1.17,3,11,45,5.77
"k082",151.2968268,-32.83923729,1.28,3,11,49,5.4
"k083",151.2976504,-32.83750784,0.04,3,11,23,5.89
"k083",151.2976504,-32.83750784,0.16,3,11,21,6.31
"k083",151.2976504,-32.83750784,0.34,3,11,22,6.09
"k083",151.2976504,-32.83750784,0.53,3,11,32,5.75
"k083",151.2976504,-32.83750784,0.78,3,11,57,5.82
"k083",151.2976504,-32.83750784,0.97,3,11,40,6
"k084",151.2979176,-32.8363841,0.05,3,11,49,7.13
"k084",151.2979176,-32.8363841,0.22,3,11,49,7.04
"k084",151.2979176,-32.8363841,0.51,3,11,57,7.52
"k084",151.2979176,-32.8363841,0.83,3,11,22,6.85
"k085",151.299343,-32.84062436,0.05,3,11,45,6.73
"k085",151.299343,-32.84062436,0.14,3,11,45,6.93
"k085",151.299343,-32.84062436,0.28,3,11,45,6.71
"k085",151.299343,-32.84062436,0.48,3,11,49,5.07
"k085",151.299343,-32.84062436,0.72,3,11,32,5.3
"k086",151.2992948,-32.83979396,0.04,3,11,49,6.97
"k086",151.2992948,-32.83979396,0.15,3,11,49,6.21
"k086",151.2992948,-32.83979396,0.32,3,11,57,6.25
"k086",151.2992948,-32.83979396,0.59,3,11,45,7.24
"k086",151.2992948,-32.83979396,0.88,3,11,45,6.35
"k087",151.2990469,-32.83934866,0.22,3,11,57,7.14
"k087",151.2990469,-32.83934866,0.5,3,11,57,5.85
"k087",151.2990469,-32.83934866,0.73,3,11,57,5.54
"k087",151.2990469,-32.83934866,0.95,3,11,49,5.73
"k088",151.2987662,-32.83837982,0.14,3,11,45,6.86
"k088",151.2987662,-32.83837982,0.43,3,11,40,6.46
"k088",151.2987662,-32.83837982,0.69,3,11,57,5.24
"k088",151.2987662,-32.83837982,0.91,3,11,57,5.16
"k089",151.2985352,-32.83816924,0.2,3,11,45,7
"k089",151.2985352,-32.83816924,0.57,3,11,57,6.45
"k089",151.2985352,-32.83816924,0.87,3,11,45,5.23
"k090",151.2976776,-32.83776074,0.2,3,11,34,5.86
"k090",151.2976776,-32.83776074,0.44,3,11,40,6.61
"k090",151.2976776,-32.83776074,0.62,3,11,57,6.36
"k090",151.2976776,-32.83776074,0.88,3,11,49,6.01
"k091",151.2969412,-32.83660531,0.2,3,11,49,6.9
"k091",151.2969412,-32.83660531,0.65,3,11,57,7.43
"k091",151.2969412,-32.83660531,0.95,3,11,57,7.63
"k092",151.2993741,-32.8406789,0.05,3,11,40,6.13
"k092",151.2993741,-32.8406789,0.17,3,11,57,5.5
"k092",151.2993741,-32.8406789,0.47,3,11,40,5.79
"k092",151.2993741,-32.8406789,0.8,3,11,45,6.88
"k092",151.2993741,-32.8406789,0.95,3,11,34,8.69
"k093",151.3007102,-32.84008376,0.13,3,11,45,7.84
"k093",151.3007102,-32.84008376,0.49,3,11,40,7.35
"k093",151.3007102,-32.84008376,0.86,3,11,40,8.3
"k094",151.3015488,-32.83980654,0.05,3,11,40,6.88
"k094",151.3015488,-32.83980654,0.29,3,11,49,7.45
"k094",151.3015488,-32.83980654,0.52,3,11,45,7.88
"k094",151.3015488,-32.83980654,0.79,3,11,45,7.87
"k095",151.3020628,-32.83918219,0.04,3,11,40,6.16
"k095",151.3020628,-32.83918219,0.5,3,11,45,6.84
"k095",151.3020628,-32.83918219,0.97,3,11,57,6.96
"k096",151.3031245,-32.83897112,0.18,3,11,49,6.96
"k096",151.3031245,-32.83897112,0.47,3,11,49,7.28
"k096",151.3031245,-32.83897112,0.79,3,11,32,8.55
"k097",151.3047373,-32.83899298,0.12,3,11,45,6.79
"k097",151.3047373,-32.83899298,0.34,3,11,57,6.94
"k097",151.3047373,-32.83899298,0.72,3,11,45,5.28
"k098",151.3057968,-32.83945828,0.09,3,11,40,7.66
"k098",151.3057968,-32.83945828,0.39,3,11,57,7.75
"k098",151.3057968,-32.83945828,0.72,3,11,32,6.65
"k098",151.3057968,-32.83945828,0.92,3,11,32,6.07
"k099",151.2993741,-32.8406789,0.06,3,11,49,6.65
"k099",151.2993741,-32.8406789,0.2,3,11,49,6.35
"k099",151.2993741,-32.8406789,0.34,3,11,45,6.22
"k099",151.2993741,-32.8406789,0.61,3,11,49,5.22
"k099",151.2993741,-32.8406789,0.91,3,11,45,8.68
"k100",151.3002977,-32.8398617,0.06,3,11,45,6.6
"k100",151.3002977,-32.8398617,0.18,3,11,45,5.55
"k100",151.3002977,-32.8398617,0.3,3,11,40,5.7
"k100",151.3002977,-32.8398617,0.46,3,11,32,6.04
"k100",151.3002977,-32.8398617,0.67,3,11,40,8.88
"k100",151.3002977,-32.8398617,0.9,3,11,NA,9.05
"k101",151.3007846,-32.83954363,0.14,3,11,40,6.32
"k101",151.3007846,-32.83954363,0.38,3,11,45,6.97
"k101",151.3007846,-32.83954363,0.56,3,11,49,7.49
"k101",151.3007846,-32.83954363,0.82,3,11,NA,7.09
"k102",151.3005897,-32.83799874,0.04,3,11,40,6.5
"k102",151.3005897,-32.83799874,0.16,3,11,45,7.2
"k102",151.3005897,-32.83799874,0.3,3,11,45,7.96
"k102",151.3005897,-32.83799874,0.42,3,11,40,8.9
"k102",151.3005897,-32.83799874,0.75,3,11,NA,7.95
"k103",151.3002208,-32.83773218,0.23,3,11,49,6.42
"k103",151.3002208,-32.83773218,0.6,3,11,45,6.09
"k103",151.3002208,-32.83773218,0.83,3,11,40,6.13
"k103",151.3002208,-32.83773218,0.96,3,11,40,6.08
"k103",151.3002208,-32.83773218,1.06,3,11,NA,6.2
"k104",151.2997376,-32.83730173,0.21,3,11,40,6.98
"k104",151.2997376,-32.83730173,0.47,3,11,40,7.18
"k104",151.2997376,-32.83730173,0.57,3,11,49,7.13
"k104",151.2997376,-32.83730173,0.81,3,11,57,6
"k105",151.3005873,-32.83643843,0.12,3,11,49,6.78
"k105",151.3005873,-32.83643843,0.32,3,11,57,6.73
"k105",151.3005873,-32.83643843,0.52,3,11,45,8.4
"k105",151.3005873,-32.83643843,0.78,3,11,57,8.77
"k105",151.3005873,-32.83643843,0.96,3,11,57,7.27
"k106",151.2992662,-32.84073154,0.03,3,11,34,6
"k106",151.2992662,-32.84073154,0.2,3,11,40,6.4
"k106",151.2992662,-32.84073154,0.45,3,11,45,5.3
"k106",151.2992662,-32.84073154,0.69,3,11,21,NA
"k106",151.2992662,-32.84073154,0.91,3,11,22,NA
"k107",151.3005067,-32.84010805,0.04,3,11,34,7.2
"k107",151.3005067,-32.84010805,0.18,3,11,40,7.4
"k107",151.3005067,-32.84010805,0.51,3,11,49,8.4
"k107",151.3005067,-32.84010805,0.89,3,11,49,7.8
"k108",151.3008292,-32.83944503,0.12,3,11,34,6.8
"k108",151.3008292,-32.83944503,0.4,3,11,34,7.1
"k108",151.3008292,-32.83944503,0.81,3,11,57,6.83
"k109",151.3018445,-32.83830439,0.08,3,11,45,7.2
"k109",151.3018445,-32.83830439,0.22,3,11,22,8.6
"k109",151.3018445,-32.83830439,0.47,3,11,22,8.9
"k109",151.3018445,-32.83830439,0.82,3,11,NA,8.9
"k110",151.3027041,-32.83804548,0.11,3,11,49,8.71
"k110",151.3027041,-32.83804548,0.33,3,11,34,8.8
"k110",151.3027041,-32.83804548,0.59,3,11,34,9.1
"k110",151.3027041,-32.83804548,0.88,3,11,40,8.9
"k111",151.3035761,-32.83769655,0.19,3,11,49,7.9
"k111",151.3035761,-32.83769655,0.52,3,11,57,8.5
"k111",151.3035761,-32.83769655,0.83,3,11,49,8.4
"k112",151.3045919,-32.83764718,0.14,3,11,49,8.9
"k112",151.3045919,-32.83764718,0.61,3,11,49,8.8
"k112",151.3045919,-32.83764718,0.97,3,11,49,8.2
"k113",151.2992116,-32.84079394,0.09,3,11,45,5.81
"k113",151.2992116,-32.84079394,0.31,3,11,49,5.76
"k113",151.2992116,-32.84079394,0.51,3,11,45,5.83
"k113",151.2992116,-32.84079394,0.79,3,11,45,6.02
"k114",151.3007109,-32.84060687,0.08,3,11,45,6.8
"k114",151.3007109,-32.84060687,0.23,3,11,49,6.59
"k114",151.3007109,-32.84060687,0.45,3,11,57,6.74
"k114",151.3007109,-32.84060687,0.76,3,11,49,6.8
"k114",151.3007109,-32.84060687,0.97,3,11,40,7.61
"k115",151.3015078,-32.84083415,0.08,3,11,45,6.44
"k115",151.3015078,-32.84083415,0.25,3,11,40,6.7
"k115",151.3015078,-32.84083415,0.38,3,11,45,6.74
"k115",151.3015078,-32.84083415,0.54,3,11,40,6.82
"k115",151.3015078,-32.84083415,0.77,3,11,32,7.2
"k115",151.3015078,-32.84083415,0.94,3,11,22,7.22
"k116",151.3017387,-32.84105374,0.09,3,11,45,6.41
"k116",151.3017387,-32.84105374,0.33,3,11,49,6.7
"k116",151.3017387,-32.84105374,0.67,3,11,49,7.95
"k116",151.3017387,-32.84105374,0.93,3,11,49,7.81
"k117",151.3028111,-32.84084281,0.05,3,11,45,7.75
"k117",151.3028111,-32.84084281,0.26,3,11,49,8.13
"k117",151.3028111,-32.84084281,0.62,3,11,49,8.07
"k118",151.3043422,-32.84066516,0.08,3,11,45,7.8
"k118",151.3043422,-32.84066516,0.23,3,11,49,8.15
"k118",151.3043422,-32.84066516,0.63,3,11,49,7.6
"k118",151.3043422,-32.84066516,1.02,3,11,57,7.49
"k119",151.3055967,-32.84155699,0.08,3,11,21,7.77
"k119",151.3055967,-32.84155699,0.34,3,11,45,7.8
"k119",151.3055967,-32.84155699,0.59,3,11,49,7.83
"k119",151.3055967,-32.84155699,0.84,3,11,49,7.66
"k120",151.2950386,-32.84280248,0.1,3,11,32,5.81
"k120",151.2950386,-32.84280248,0.49,3,11,57,6.35
"k120",151.2950386,-32.84280248,0.89,3,11,32,6.09
"k121",151.2956579,-32.84281994,0.14,3,11,21,6.5
"k121",151.2956579,-32.84281994,0.45,3,11,57,6.71
"k121",151.2956579,-32.84281994,0.81,3,11,49,6.97
"k122",151.2961088,-32.84326801,0.07,3,11,40,6.15
"k122",151.2961088,-32.84326801,0.36,3,11,49,6.32
"k122",151.2961088,-32.84326801,0.69,3,11,45,6.49
"k122",151.2961088,-32.84326801,0.9,3,11,32,6.24
"k123",151.2966318,-32.84329317,0.09,3,11,40,5.99
"k123",151.2966318,-32.84329317,0.41,3,11,57,6.47
"k123",151.2966318,-32.84329317,0.82,3,11,32,6.04
"k124",151.2971852,-32.84284975,0.07,3,11,34,6.66
"k124",151.2971852,-32.84284975,0.33,3,11,57,7.06
"k124",151.2971852,-32.84284975,0.75,3,11,45,5.57
"k125",151.2979951,-32.84351915,0.18,3,11,40,6.81
"k125",151.2979951,-32.84351915,0.46,3,11,57,6.67
"k125",151.2979951,-32.84351915,0.71,3,11,57,7.22
"k125",151.2979951,-32.84351915,0.93,3,11,32,7.31
"k126",151.2993885,-32.84440392,0.11,3,11,49,7.34
"k126",151.2993885,-32.84440392,0.55,3,11,49,8.13
"k126",151.2993885,-32.84440392,0.94,3,11,57,8.06
"k127",151.3008178,-32.84676827,0.09,3,11,40,6.04
"k127",151.3008178,-32.84676827,0.32,3,11,49,6.78
"k127",151.3008178,-32.84676827,0.6,3,11,40,7.78
"k127",151.3008178,-32.84676827,0.87,3,11,21,8.39
"k128",151.3019707,-32.84570165,0.09,3,11,49,6.08
"k128",151.3019707,-32.84570165,0.34,3,11,57,5.23
"k128",151.3019707,-32.84570165,0.62,3,11,49,6.96
"k129",151.3020113,-32.84525125,0.04,3,11,45,5.95
"k129",151.3020113,-32.84525125,0.32,3,11,45,7.05
"k129",151.3020113,-32.84525125,0.74,3,11,57,5.51
"k129",151.3020113,-32.84525125,1.09,3,11,57,5.12
"k129",151.3020113,-32.84525125,1.43,3,11,57,4.62
"k130",151.3025326,-32.84480738,0.07,3,11,40,5.64
"k130",151.3025326,-32.84480738,0.19,3,11,40,6.03
"k130",151.3025326,-32.84480738,0.34,3,11,45,5.58
"k130",151.3025326,-32.84480738,0.59,3,11,45,4.27
"k131",151.3025455,-32.84413113,0.09,3,11,21,5.81
"k131",151.3025455,-32.84413113,0.34,3,11,40,6.35
"k131",151.3025455,-32.84413113,0.63,3,11,45,6.06
"k131",151.3025455,-32.84413113,0.9,3,11,57,5.55
"k132",151.3025434,-32.84368016,0.09,3,11,40,5.76
"k132",151.3025434,-32.84368016,0.44,3,11,45,6.71
"k132",151.3025434,-32.84368016,0.95,3,11,49,5.88
"k132",151.3025434,-32.84368016,1.45,3,11,21,5.85
"k133",151.3022849,-32.8432257,0.1,3,11,40,6.49
"k133",151.3022849,-32.8432257,0.34,3,11,40,6.72
"k133",151.3022849,-32.8432257,0.61,3,11,40,6.99
"k133",151.3022849,-32.8432257,0.9,3,11,40,6.89
"k134",151.3006026,-32.84684652,0.08,3,11,40,NA
"k134",151.3006026,-32.84684652,0.2,3,11,49,NA
"k134",151.3006026,-32.84684652,0.39,3,11,22,NA
"k135",151.3021828,-32.84634487,0.03,3,11,57,6.89
"k135",151.3021828,-32.84634487,0.25,3,11,57,NA
"k135",151.3021828,-32.84634487,0.57,3,11,57,NA
"k135",151.3021828,-32.84634487,0.79,3,11,22,NA
"k136",151.3028695,-32.84563268,0.04,3,11,45,6.3
"k136",151.3028695,-32.84563268,0.15,3,11,57,6.8
"k136",151.3028695,-32.84563268,0.44,3,11,57,6
"k136",151.3028695,-32.84563268,0.82,3,11,49,5.9
"k138",151.3041802,-32.84581279,0.08,3,11,34,6.99
"k138",151.3041802,-32.84581279,0.25,3,11,34,7.4
"k138",151.3041802,-32.84581279,0.48,3,11,22,7.47
"k138",151.3041802,-32.84581279,0.77,3,11,49,7.12
"k138",151.3041802,-32.84581279,0.97,3,11,57,NA
"k139",151.3063756,-32.84385836,0.07,3,11,34,NA
"k139",151.3063756,-32.84385836,0.36,3,11,49,6.85
"k139",151.3063756,-32.84385836,0.72,3,11,57,NA
"k139",151.3063756,-32.84385836,0.94,3,11,57,NA
"k140",151.3086389,-32.84338391,0.06,3,11,49,6.93
"k140",151.3086389,-32.84338391,0.34,3,11,34,7.22
"k140",151.3086389,-32.84338391,0.69,3,11,40,6.78
"k140",151.3086389,-32.84338391,0.91,3,11,49,7.05
"k141",151.2935001,-32.8333116,0.1,3,11,40,6.17
"k141",151.2935001,-32.8333116,0.36,3,11,49,7.1
"k141",151.2935001,-32.8333116,0.63,3,11,49,6.56
"k141",151.2935001,-32.8333116,0.89,3,11,NA,6.22
"k142",151.3015669,-32.84614712,0.05,3,11,40,8.57
"k142",151.3015669,-32.84614712,0.25,3,11,49,7.96
"k142",151.3015669,-32.84614712,0.5,3,11,49,7.79
"k142",151.3015669,-32.84614712,0.8,3,11,NA,8.75
"k143",151.2951153,-32.83934927,0.05,3,11,32,5.35
"k143",151.2951153,-32.83934927,0.2,3,11,32,6.65
"k143",151.2951153,-32.83934927,0.45,3,11,57,5.43
"k143",151.2951153,-32.83934927,0.8,3,11,49,5.21
"k144",151.2968637,-32.83674856,0.04,3,11,34,7.14
"k144",151.2968637,-32.83674856,0.24,3,11,45,7.72
"k144",151.2968637,-32.83674856,0.52,3,11,57,7.41
"k144",151.2968637,-32.83674856,0.82,3,11,57,7.14
