"Observed","Modelled"
5.9,6.30543041229248
6.2,6.30543041229248
6.3,6.30543041229248
6.7,6.30543041229248
5.9,6.14398145675659
5.79,6.14398145675659
6.46,7.06159257888794
6.86,7.06159257888794
5.68,7.06159257888794
5.44,7.06159257888794
7.82,6.8943190574646
9.11,6.8943190574646
7.74,6.60003757476807
7.77,6.60003757476807
6.99,6.60003757476807
5.7,6.44903373718262
6,6.44903373718262
6.72,5.95297765731812
6.32,6.03097772598267
6.14,6.16297769546509
6.1,6.94911575317383
5.4,6.94911575317383
6.4,6.50999736785889
5.46,6.59699726104736
5.31,6.70799732208252
6.18,6.60953187942505
5.54,6.60953187942505
7.92,8.11376571655273
8.21,8.20077896118164
8.83,8.20077896118164
8.88,9.5939998626709
8.29,8.61556243896484
8.61,8.40856170654297
8.52,8.23756217956543
8.06,8.50048446655273
8.72,8.12248516082764
8.79,8.90049648284912
8.81,6.85639142990112
5.44,6.00733757019043
5.37,6.09433794021606
6.6,5.53580570220947
6.25,6.40863847732544
6.49,6.40863847732544
5.3,6.22832202911377
5.62,6.03002262115479
6.92,6.18002271652222
7.03,6.31479454040527
6.6,6.44115924835205
6.19,6.49815893173218
6.86,6.55815887451172
6.48,5.70580434799194
7.37,5.76280450820923
6.76,5.81980419158936
6.17,5.88808155059814
6.2,5.9660816192627
6.49,6.03508138656616
7.57,6.87483930587769
6.09,6.87483930587769
6.19,6.93944692611694
6.95,6.93944692611694
6.97,6.45106267929077
7.09,6.43637371063232
6.95,6.58037376403809
5.99,7.30083560943604
6.12,7.30083560943604
6.6,7.30083560943604
6.2,7.37744760513306
6.72,7.37744760513306
6.51,7.37744760513306
6.16,6.20058298110962
6.53,6.20058298110962
6.17,6.3743109703064
6.1,6.3156533241272
5.92,6.3156533241272
7.79,7.01906156539917
7.85,7.01906156539917
8.24,7.16936445236206
6.88,6.34008073806763
6.8,6.45708084106445
7.11,6.7022762298584
7.67,6.7022762298584
7.51,6.87463045120239
7.61,6.87463045120239
6.98,6.87463045120239
6.93,6.87463045120239
7.27,6.10339975357056
6.55,6.6947774887085
6.52,6.6947774887085
5.64,6.17978763580322
5.82,6.17978763580322
5,6.17978763580322
6.54,6.38495349884033
6.28,6.38495349884033
5.93,5.85828685760498
6.61,5.69892263412476
5.8,6.4765944480896
6.77,6.56059455871582
6.21,6.67159461975098
8.2,6.55453062057495
8.1,6.55453062057495
8,6.55453062057495
8.3,7.80389356613159
8.5,8.32087135314941
8.3,8.32087135314941
8.6,8.32087135314941
6.7,5.89089870452881
7.3,7.12443351745605
5.7,7.10780906677246
8.3,6.76752901077271
7.8,6.87552881240845
5.5,6.50512933731079
5.7,6.50512933731079
6.3,6.54380941390991
6.2,6.54380941390991
6.7,6.33481931686401
6.2,6.33481931686401
5.8,6.33481931686401
5.5,6.33481931686401
5.5,5.75447177886963
5.9,6.79642057418823
5.9,6.79642057418823
5.6,5.76108598709106
6.2,6.21791076660156
5.8,6.4489107131958
5.8,6.52091073989868
6.53,6.42373037338257
6.05,6.42373037338257
5.57,6.09559965133667
5.86,6.09559965133667
6.55,6.09559965133667
6.09,6.82496404647827
6.2,6.82496404647827
5.99,6.82496404647827
5.8,6.82496404647827
5.72,6.53119993209839
6.28,6.53119993209839
5.7,6.53119993209839
5.72,6.49554634094238
5.85,6.49554634094238
5.74,6.49554634094238
4.94,6.49554634094238
5.8,5.77123880386353
5.9,5.77123880386353
5.85,6.39816999435425
7,6.72716951370239
6.55,6.72716951370239
5.99,6.67357492446899
6.7,6.67357492446899
6.77,6.67357492446899
6.44,6.67357492446899
6.98,6.31188011169434
6.42,6.31188011169434
7.22,6.03403091430664
5.77,6.4423999786377
6.3,6.4423999786377
6.57,6.4423999786377
6.45,6.35930776596069
6.75,6.35930776596069
5.45,6.35930776596069
5.95,5.87208986282349
6.34,6.00330924987793
6.27,6.00330924987793
6.01,6.30576944351196
6.24,6.30576944351196
6.4,6.30576944351196
6.66,6.30576944351196
5.88,6.29061698913574
6.47,6.29061698913574
6.86,6.64504814147949
6.95,6.64504814147949
6.2,6.71035623550415
7.02,6.71035623550415
9.31,8.28764152526855
9.42,8.28764152526855
9.45,8.28764152526855
9.6,7.98360300064087
9.38,8.16109466552734
9.4,8.16109466552734
7.06,8.31879901885986
7.34,8.31879901885986
7.53,8.31879901885986
7.37,7.53876209259033
8.11,7.25002479553223
8.37,7.36702489852905
6.45,7.12455129623413
7.21,7.178551197052
7.85,7.34655094146729
6.65,7.13446569442749
7.96,7.69943904876709
7.87,7.16976737976074
6.73,6.86056184768677
6.18,6.86056184768677
7.25,6.98959493637085
6.64,7.07359457015991
5.96,7.19059467315674
7.05,7.32458400726318
7.77,7.48358392715454
7.25,5.95770263671875
6.31,5.95044565200806
5.78,5.95044565200806
5.96,6.1612753868103
6.96,6.1612753868103
5.95,6.1612753868103
5.92,6.61120891571045
6.73,6.61120891571045
5.86,6.61120891571045
6.38,7.00225067138672
7.96,7.11768627166748
7.86,7.11768627166748
8.56,8.55229091644287
8.18,8.29129123687744
6.1,6.03287267684937
6.7,6.03287267684937
5.91,6.03287267684937
5.87,6.62501049041748
5.71,6.62501049041748
6.13,6.62501049041748
6.1,6.08000659942627
7.2,6.08000659942627
5.97,6.08000659942627
6.12,6.08000659942627
6.82,6.87193632125854
6.15,6.87193632125854
6.2,5.50976514816284
6.11,5.13176488876343
6.31,6.18305778503418
7.78,6.97552108764648
7.84,7.06552076339722
6.92,7.27991247177124
7.42,7.27991247177124
8.95,7.27991247177124
6.92,6.89679908752441
7.2,6.89679908752441
7.41,6.89679908752441
6.97,6.74782228469849
7.21,6.74782228469849
6.4,6.74782228469849
5.93,5.60299968719482
6.24,5.60299968719482
6.34,5.60299968719482
5.53,5.60299968719482
5.55,6.07251882553101
5.97,5.79272508621216
5.68,5.79272508621216
5.1,6.76999664306641
6.8,6.76999664306641
4.92,7.27991247177124
6.29,7.27991247177124
6.62,7.27991247177124
6.14,7.01846313476562
7,6.86862277984619
6.8,7.15905952453613
6.3,7.15905952453613
5.9,5.75915145874023
5.3,5.75915145874023
5.4,5.68905210494995
5.5,5.68905210494995
4.9,6.51849031448364
5.9,6.59649038314819
7.7,6.8943190574646
7.1,6.8943190574646
7.7,6.8943190574646
6.1,6.81890344619751
6.8,6.81890344619751
7.5,6.81890344619751
7.3,6.41979265213013
6.5,7.46935415267944
7.3,7.46935415267944
8,7.46935415267944
8.4,7.46935415267944
7.4,6.94179677963257
8.2,6.94179677963257
8,6.94179677963257
7.7,6.94179677963257
7.8,6.94179677963257
7.03,6.60645532608032
6.5,6.6941990852356
5.5,5.90830564498901
5.93,5.90830564498901
6.69,6.616051197052
6.86,6.616051197052
6.54,6.616051197052
6.19,6.57881879806519
5.1,6.57881879806519
5.89,6.57881879806519
6.4,6.4001636505127
6.32,6.4001636505127
5.64,6.4001636505127
6.71,6.60003757476807
6.43,6.60003757476807
5.48,6.07583379745483
6.13,5.73668432235718
5.9,5.77459859848022
6.35,5.77459859848022
5.8,5.76032590866089
6.46,6.62476348876953
6.23,6.62476348876953
5.95,6.42705249786377
5.3,6.71633863449097
6.3,6.71633863449097
6.3,6.71633863449097
8.95,7.27991247177124
7.42,7.40986490249634
8.67,8.13364696502686
9.07,8.13364696502686
8.97,8.13364696502686
7.25,8.20146369934082
7.49,7.32214307785034
9.02,7.32214307785034
6.11,6.26735258102417
6.09,6.36035251617432
6.93,6.46835231781006
9.17,7.53636121749878
6.58,6.02014970779419
6.03,6.02014970779419
6.19,5.83164644241333
6.48,5.83164644241333
6.42,5.87759685516357
6.38,5.87759685516357
6.46,6.2473087310791
7.56,7.18028974533081
6.09,7.27991247177124
8.08,7.27991247177124
6.76,6.88881731033325
6.24,7.14560556411743
6.75,7.14560556411743
6,7.14560556411743
7.23,6.95156049728394
6.73,6.95156049728394
6.75,6.95156049728394
7.08,7.32624244689941
7.61,7.32624244689941
7.3,7.32624244689941
6.35,7.36153221130371
7.4,7.51753234863281
8.1,7.27991247177124
7.3,6.80859327316284
7.99,6.80859327316284
8.23,6.80859327316284
8.4,6.41979265213013
8.7,6.41979265213013
7.81,8.4149808883667
6.9,7.55357074737549
8.8,7.55357074737549
8.3,7.07506942749023
7.1,7.07506942749023
7.2,7.07506942749023
6.94,7.05727910995483
7.7,7.05727910995483
9.32,7.05727910995483
7.45,7.16387033462524
9.11,7.16387033462524
7.76,8.17900466918945
7.79,8.17900466918945
7.94,8.17900466918945
8.04,8.17900466918945
8.75,7.67573404312134
8.78,6.63467311859131
8.9,8.25105094909668
9.01,8.25105094909668
8.33,7.04528951644897
8.48,7.12028980255127
6.93,6.244704246521
6.89,7.02934789657593
7.54,6.6058669090271
6.99,6.65053129196167
6.9,6.78253126144409
6.96,6.00901174545288
6.42,6.83056259155273
6.6,6.92056274414062
6.69,6.99556255340576
7.16,6.244704246521
6.71,6.244704246521
7.19,6.244704246521
6.4,6.244704246521
7.02,6.84707880020142
6.31,6.84707880020142
6.36,6.84707880020142
6.35,7.09355735778809
6.78,7.09355735778809
7.1,7.09355735778809
6.67,6.82712554931641
7.95,7.03112554550171
6.32,7.07972192764282
7.41,6.90815448760986
7.45,6.90815448760986
7.63,6.90815448760986
7.08,6.90815448760986
6.05,6.9056396484375
7.47,6.9056396484375
6.03,7.38360977172852
5.91,7.38360977172852
7.38,6.12386703491211
8,7.17004489898682
7.6,7.17004489898682
9.36,8.67967987060547
7.43,6.56655359268188
7.77,6.56655359268188
8.8,6.56655359268188
5.21,5.72019958496094
5.32,6.09674119949341
5.04,6.41221857070923
6.58,6.44963455200195
6.44,6.44963455200195
5.3,6.9827880859375
5.46,6.9827880859375
8.1,7.16664838790894
7.79,7.16664838790894
7.86,7.16664838790894
6.56,5.70986223220825
6.24,5.70986223220825
6.04,5.70986223220825
5.21,5.39292001724243
5.09,5.39292001724243
5.89,6.58587741851807
5.75,6.58587741851807
5.15,6.58587741851807
5.98,6.48994970321655
6.32,7.15345096588135
7.09,7.15345096588135
6.04,6.21142101287842
7.82,6.21142101287842
6.65,6.68368625640869
6.44,6.68368625640869
6.11,6.68368625640869
6.31,6.68368625640869
6.29,6.24098491668701
6.59,6.24098491668701
6.72,6.24098491668701
6.04,6.03081321716309
6.24,6.03081321716309
6.17,6.03081321716309
5.39,6.03081321716309
5.63,5.85757684707642
6.59,5.85757684707642
5.6,5.85757684707642
6.14,6.98627233505249
5.9,6.54527235031128
7.01,6.25605535507202
7.02,5.96452331542969
7.77,5.96452331542969
8.57,5.96452331542969
6.52,7.11305856704712
6.72,7.11305856704712
5.52,7.11305856704712
5.35,7.11305856704712
5.12,7.11305856704712
6.79,5.45334339141846
6.04,5.45334339141846
5.64,5.45334339141846
6.32,6.42322540283203
5.48,6.42322540283203
6.24,6.58466863632202
6.55,6.46766901016235
5.82,5.76566886901855
5.65,5.62970304489136
6.42,6.12381505966187
5.56,6.12381505966187
5.11,5.15036106109619
6.1,5.4528112411499
5.21,5.4528112411499
5.9,5.4528112411499
5.79,5.47906589508057
5.72,5.47906589508057
6.26,5.47906589508057
5.64,5.47906589508057
6.2,6.57558250427246
5.6,6.57558250427246
5.2,6.57558250427246
5.2,6.57558250427246
4.9,6.57558250427246
6.22,6.75505590438843
5.75,6.8420557975769
5.77,6.92605590820312
5.4,6.95905590057373
5.89,6.19275569915771
6.31,6.22875547409058
6,6.47175550460815
7.13,7.27866125106812
7.52,7.41666126251221
6.85,7.51266098022461
6.73,6.59544372558594
6.71,6.59544372558594
5.07,6.59544372558594
6.97,8.259033203125
6.21,8.259033203125
6.25,8.259033203125
7.24,8.259033203125
6.35,8.259033203125
7.14,7.21015596389771
5.85,7.21015596389771
5.54,7.21015596389771
5.73,7.21015596389771
5.24,6.25194406509399
6.45,6.20576620101929
5.86,6.41973304748535
6.01,6.62373304367065
7.43,7.08587169647217
7.63,7.17587184906006
5.5,6.59544372558594
5.79,6.59544372558594
6.88,6.59544372558594
7.35,6.95287990570068
8.3,6.95287990570068
6.88,7.38627910614014
7.88,7.38627910614014
7.87,7.38627910614014
6.96,7.87369823455811
7.28,7.61269855499268
6.79,6.20333862304688
6.94,6.20333862304688
7.66,7.57812929153442
6.07,7.57812929153442
6.35,6.59544372558594
8.68,6.59544372558594
6.6,7.27719402313232
5.7,7.27719402313232
6.04,7.27719402313232
9.05,7.27719402313232
6.97,7.36108779907227
7.49,7.36108779907227
7.09,7.36108779907227
6.5,8.46937847137451
7.2,8.46937847137451
8.9,8.46937847137451
7.95,8.46937847137451
6.42,6.09255886077881
6.09,5.75955867767334
6.13,5.55255842208862
6.08,5.43555879592896
6.98,7.47818279266357
7.18,7.55618286132812
7.13,7.58618259429932
6,7.6581826210022
6.73,7.26795387268066
7.27,7.45995378494263
6,6.55038118362427
6.4,6.55038118362427
5.3,6.55038118362427
6.83,6.80016994476318
8.6,7.32436370849609
8.9,7.32436370849609
8.71,5.72685194015503
8.8,5.52885150909424
9.1,5.29485177993774
8.9,5.03385162353516
7.9,6.01500844955444
8.5,6.11400842666626
8.4,6.20700836181641
8.9,7.42837905883789
8.8,7.42837905883789
5.76,6.55038118362427
5.83,6.55038118362427
6.74,6.67343139648438
6.8,6.67343139648438
7.61,6.67343139648438
6.7,6.58750009536743
6.74,6.58750009536743
6.82,6.58750009536743
7.22,6.58750009536743
6.41,6.50032758712769
6.7,6.50032758712769
7.95,6.50032758712769
7.75,7.86244583129883
8.13,7.86244583129883
8.07,7.86244583129883
8.15,6.4160532951355
7.6,6.4160532951355
7.8,6.67297267913818
7.83,6.74797248840332
7.66,6.82297277450562
6.35,6.8902416229248
6.5,6.80608892440796
6.97,6.80608892440796
6.24,6.68675661087036
5.99,6.77259206771851
6.47,6.77259206771851
6.66,6.94332218170166
5.57,7.14732217788696
7.31,6.65555000305176
7.34,6.81471681594849
8.13,6.94671678543091
8.39,6.58694314956665
7.05,5.81807088851929
6.03,5.59936380386353
5.58,5.46436405181885
6.35,6.01216793060303
6.06,6.0991678237915
5.88,6.54058504104614
5.85,6.69058513641357
6.49,6.69626379013062
6.3,6.54865074157715
7.4,6.89916706085205
6.93,5.88572978973389
7.22,5.96972942352295
6.78,6.07472944259644
7.05,6.14072942733765
7.1,6.84707880020142
6.56,6.84707880020142
8.57,7.11101770401001
8.75,7.11101770401001
6.65,5.85757684707642
5.52,6.41334581375122
5.46,6.41334581375122
6.45,6.28583955764771
8.29,7.14497041702271
9.52,7.60097074508667
6.91,6.58879566192627
6.9,6.58879566192627
6.3,6.08781623840332
6.2,6.08781623840332
5.8,6.08781623840332
5.7,6.11314725875854
6.07,6.11314725875854
6.55,6.22567701339722
5.95,6.22567701339722
5.65,7.00811338424683
5.79,7.00811338424683
5.6,6.90406608581543
5.43,6.90406608581543
5.59,6.88859176635742
7.41,6.88859176635742
7.7,6.88859176635742
6.37,6.88859176635742
6.85,6.88859176635742
6.06,7.59034729003906
6.18,7.59034729003906
7.8,8.02765560150146
8.34,8.02765560150146
8.02,8.82852363586426
9.08,8.78879642486572
9.11,8.78879642486572
8.65,8.53009605407715
8.78,7.92888021469116
8.9,6.48692893981934
8.72,6.48692893981934
8.54,7.27034664154053
5.6,6.48941087722778
5.26,6.48941087722778
5.49,6.33045530319214
6.49,6.33045530319214
6.34,6.33045530319214
5.81,6.40124416351318
5.53,6.40124416351318
6.36,6.38677787780762
5.86,6.38677787780762
5.65,6.38677787780762
5.07,6.38677787780762
6.94,6.59904336929321
6.32,6.59904336929321
6.03,6.98600816726685
5.52,6.98600816726685
7.09,6.64666795730591
6.24,6.5383505821228
5.21,6.5383505821228
7.52,6.49338150024414
7.09,6.49338150024414
7.07,6.45634841918945
6.63,6.45634841918945
6.57,6.23743009567261
6.6,6.23743009567261
6.95,7.18964624404907
5.6,6.39853525161743
5.35,6.39853525161743
5.65,6.39853525161743
6.33,6.39853525161743
8.92,6.39853525161743
5.96,6.45258903503418
4.58,6.45258903503418
6.92,6.48110961914062
5.36,6.57060289382935
6.17,6.57060289382935
6.62,6.57060289382935
6.08,6.57060289382935
6,6.20906925201416
6.68,6.20906925201416
6.63,6.20906925201416
6.51,7.90025281906128
6.44,7.90025281906128
5.88,7.90025281906128
5.23,6.55262422561646
5.51,6.55262422561646
6.15,6.55262422561646
7.99,7.76524925231934
7.87,7.76524925231934
7.46,6.97814130783081
7.66,6.97814130783081
7.07,6.97814130783081
8.19,7.04454565048218
7.51,7.04454565048218
6.8,7.00033378601074
6.19,7.00033378601074
6.61,7.00033378601074
7.07,6.9757194519043
7.16,6.9757194519043
7.21,6.9757194519043
7.11,6.94098138809204
6.76,6.94098138809204
6.41,6.94613218307495
6.45,6.94613218307495
5.91,5.91176605224609
6.28,5.99792146682739
6.85,5.99792146682739
5.31,6.19307422637939
5.85,6.19307422637939
6.67,7.17917108535767
6.66,7.17917108535767
5.94,7.17917108535767
6.5,6.2099871635437
8.2,6.32802629470825
8.1,6.32802629470825
8.5,7.03470754623413
8.3,7.03470754623413
5.7,6.63297843933105
5.9,6.63297843933105
7,7.01723623275757
6.1,7.01723623275757
5.9,7.01723623275757
7.1,6.94334602355957
7.1,6.94334602355957
7.1,6.94334602355957
7.3,8.05235576629639
7.7,8.05235576629639
5.3,6.20336246490479
5.3,6.62896251678467
6.5,5.54511070251465
6.7,5.54511070251465
6.4,5.54511070251465
6.4,6.14203023910522
6.5,6.14203023910522
6,5.4531512260437
5.1,5.4531512260437
4.5,5.4531512260437
5.3,5.90020179748535
5.5,5.90020179748535
6.3,6.53775405883789
5.6,6.53775405883789
5.3,6.53775405883789
6.4,6.6403980255127
6.34,6.23708772659302
5.34,5.58774614334106
5.5,5.58774614334106
5.53,5.58774614334106
5.13,5.58774614334106
5.41,6.02729177474976
5.63,6.02729177474976
5.52,5.91706943511963
5.77,5.71463966369629
5.5,5.93927145004272
5.25,6.17403697967529
6,6.17403697967529
6.09,6.17403697967529
6.15,6.17403697967529
5.91,6.12540721893311
6.64,6.12540721893311
6.5,6.12540721893311
5.8,6.31589984893799
6.84,6.31589984893799
6.68,6.31589984893799
5.95,6.45745515823364
6.23,6.09372282028198
6.18,6.09372282028198
6.53,6.45368623733521
7.15,6.45368623733521
7.11,6.45368623733521
6.83,6.26461029052734
6.32,6.76630353927612
6.52,6.76630353927612
5.75,5.78170490264893
6.17,5.78170490264893
5.6,5.78170490264893
5.72,5.78170490264893
6.6,5.97872495651245
6.59,5.97872495651245
5.78,5.97872495651245
6.45,6.08874368667603
6.84,6.08874368667603
6.46,6.2709059715271
5.94,6.2709059715271
6.17,6.95046997070312
6.47,6.95046997070312
6.15,6.95046997070312
6.94,6.25021314620972
6.69,6.25021314620972
7.19,6.25021314620972
8.73,9.31044387817383
9.21,8.95714664459229
9.4,8.95714664459229
9.65,8.95714664459229
9.14,9.96000003814697
9.23,9.96000003814697
9.34,9.96000003814697
7.97,6.57434034347534
8.18,6.57434034347534
8.16,6.57434034347534
8.08,7.86042737960815
7.75,7.12145519256592
7.25,7.08079624176025
8.63,7.08079624176025
7.9,6.9080228805542
7.78,6.9080228805542
8.5,6.9080228805542
8.14,6.9080228805542
7.55,7.21787595748901
7.82,7.21787595748901
6.25,6.97908973693848
7,6.55085134506226
6.78,6.55085134506226
6.65,6.55085134506226
6.56,6.55085134506226
6.9,6.41041803359985
7.44,7.04082775115967
7.28,7.04082775115967
7.52,5.99239349365234
6.44,5.99239349365234
6.44,5.99239349365234
5.95,6.1869797706604
5.78,6.1869797706604
5.86,6.06167554855347
5.82,6.00193023681641
6.03,6.62815570831299
8.23,7.82312917709351
7.38,7.82312917709351
8.93,7.99414110183716
9.04,7.99414110183716
7.91,7.99414110183716
7.89,7.99414110183716
5.93,7.0670018196106
5.95,7.0670018196106
6.55,5.91378164291382
5.71,5.91378164291382
6.17,5.53101968765259
5.8,5.53101968765259
6,6.34431219100952
6.04,5.99933242797852
6.16,6.16722917556763
6.61,6.16722917556763
6.64,6.16722917556763
7.5,6.54204034805298
7.28,7.21406936645508
9.08,8.35406970977783
7.2,6.64813613891602
7.3,6.64813613891602
7.34,6.64422082901001
5.18,6.10461378097534
6.52,6.10461378097534
5.43,6.10461378097534
5.82,6.10461378097534
6.32,5.59866666793823
6.11,5.59866666793823
6.91,6.35771799087524
5.69,7.244469165802
5.94,7.54846906661987
5.91,7.77646923065186
6.14,6.70070362091064
7.96,6.70070362091064
6,6.69020843505859
6,6.69020843505859
6.5,6.69020843505859
5.9,6.97136449813843
6.3,6.97136449813843
6.6,6.97136449813843
5.6,6.15872764587402
4.9,6.15872764587402
5.9,6.08929538726807
5.8,6.08929538726807
5.3,6.27322292327881
6.2,7.06897068023682
7.06,8.01137065887451
7.9,7.46360063552856
8.1,7.88920021057129
7,7.39393091201782
7.8,7.39393091201782
5.6,6.12493324279785
5.5,6.12493324279785
6.6,7.31900930404663
6.72,6.08115339279175
6.57,6.08115339279175
5.93,6.08115339279175
6.29,6.29756736755371
5.68,6.30584478378296
7.11,6.30584478378296
6.33,6.30584478378296
6.18,6.30584478378296
5.68,5.95132350921631
6.03,5.95132350921631
6.1,6.12305450439453
6.05,6.58879566192627
6.49,6.58879566192627
5.66,6.84880971908569
6.52,6.84880971908569
5.73,5.90136003494263
5.61,5.90136003494263
5.3,5.90136003494263
6,5.87899923324585
6.3,6.06972360610962
5.8,6.06972360610962
5.5,6.06972360610962
5.75,6.16756200790405
6,6.16756200790405
5.75,5.91176128387451
6.34,5.91176128387451
6.66,6.30044078826904
5.83,7.41483211517334
6.25,7.41483211517334
6.41,7.41483211517334
6.2,7.41483211517334
6.82,7.13806915283203
8.28,7.48766946792603
9.08,7.91326904296875
6.58,6.99096298217773
8.37,7.82696294784546
9.2,7.96438312530518
8.76,7.96438312530518
7.88,7.45749425888062
8.32,7.45749425888062
7.84,7.03241586685181
8.8,7.03241586685181
5.56,6.41722011566162
9.02,7.45571279525757
9.84,7.45571279525757
6.31,5.92338418960571
6.64,6.10578441619873
5.92,6.34119415283203
7.22,6.34119415283203
6.37,6.34119415283203
6.48,6.34119415283203
6.91,6.50683927536011
6.63,6.50683927536011
6.26,6.62963724136353
6.3,6.62963724136353
5.59,6.48983335494995
6.47,6.48983335494995
6.02,6.59757280349731
6.82,6.59757280349731
7.4,6.59757280349731
6.57,8.2415075302124
7.4,8.2415075302124
5.74,6.95566940307617
7.28,7.53326940536499
6.12,6.55805015563965
6.71,6.55805015563965
6.66,6.55805015563965
6.71,6.66223764419556
6.48,6.66223764419556
7.1,6.7500467300415
7.55,7.17528009414673
7.24,6.35029554367065
6.2,6.5087456703186
6.7,6.5087456703186
6.1,6.5087456703186
7.5,6.94046926498413
8.3,7.16846942901611
8.8,7.51806926727295
6.66,6.79498767852783
8.96,7.39393091201782
8.2,7.3599739074707
8.1,7.3599739074707
8.54,7.3599739074707
8.65,7.60363340377808
8.5,6.25654077529907
9.9,6.25654077529907
9.38,6.25654077529907
9.33,7.75464773178101
7.07,6.91962909698486
8.77,7.48202896118164
8.98,8.06986045837402
7.94,7.9680347442627
7.79,7.9680347442627
7.79,7.9680347442627
5.59,7.17156362533569
8.62,7.17156362533569
8.82,7.17156362533569
8,6.99163246154785
8.33,6.99163246154785
8.48,8.2415075302124
6.68,6.12366247177124
5.7,6.65566205978394
6.03,7.05086231231689
5.67,6.32062339782715
6.56,6.51062345504761
6.62,6.96662330627441
7.2,5.7698278427124
6.51,6.95542764663696
6.79,6.28268003463745
6.95,6.26352214813232
6.56,6.26352214813232
5.74,6.26352214813232
7.9,6.08814144134521
6.75,6.08814144134521
7.14,6.12366247177124
7.07,6.13488817214966
6.08,7.25968837738037
6.84,6.95143747329712
7.25,6.95143747329712
6.89,7.57497930526733
7.34,7.57497930526733
7.73,7.57497930526733
6.68,6.89555788040161
6.94,6.89555788040161
6.73,6.89555788040161
6.88,6.89555788040161
7.1,6.89555788040161
6.3,6.66229772567749
6.35,6.66229772567749
5.53,6.66229772567749
8.4,7.15680980682373
8.3,7.15680980682373
8.1,7.15680980682373
7.36,6.76476383209229
7.69,6.76476383209229
7.56,6.89624404907227
7,6.89624404907227
6.5,6.46830701828003
6.32,6.46830701828003
6.06,6.46830701828003
6.07,6.46830701828003
6.67,6.49146127700806
7.13,6.49146127700806
6.29,6.49146127700806
6.9,7.68900728225708
8.23,6.67058801651001
8.68,6.67058801651001
8.64,6.67058801651001
8.98,6.67058801651001
8.66,7.27933979034424
5.72,6.34535503387451
4.98,6.34535503387451
5.92,5.88166856765747
5.85,5.88166856765747
5.36,6.09883165359497
5.21,6.09883165359497
5.72,7.24578666687012
6.2,6.40534639358521
8.01,8.1025972366333
7.51,8.1025972366333
5.88,5.99154949188232
7.31,8.44900035858154
7.02,8.44900035858154
7.4,8.44900035858154
7.46,8.44900035858154
5.61,5.95147705078125
5.39,5.95147705078125
5.1,5.95147705078125
6.23,6.11032056808472
6.49,6.53620862960815
6.56,6.53620862960815
6.66,6.53620862960815
6.53,6.53620862960815
6.93,7.15714550018311
7.17,7.15714550018311
6.32,6.59020614624023
7.71,7.01580619812012
6.98,6.46842336654663
5.16,6.46842336654663
5.58,6.63024568557739
5.12,6.63024568557739
5.65,5.86549282073975
6.51,6.11802864074707
6.38,6.11802864074707
5.57,6.11802864074707
6.86,6.34924840927124
5.4,6.34924840927124
5.75,6.34596157073975
6.64,6.34596157073975
7.38,6.34596157073975
5.5,7.02986097335815
6.07,7.02986097335815
6.41,5.80824184417725
6.13,6.05416107177734
5.65,6.05416107177734
5.09,6.05416107177734
6.32,5.49067068099976
6.16,5.49067068099976
5.75,5.49067068099976
6.32,6.73510456085205
6.26,6.73510456085205
5.92,6.73510456085205
5.9,5.97521543502808
5.24,5.97521543502808
5.57,5.97521543502808
5.62,5.97521543502808
5.3,5.97521543502808
5.77,6.19342470169067
4.88,6.19342470169067
5.1,6.26234292984009
5.14,6.26234292984009
5.15,6.26234292984009
5.99,5.52188539505005
5.36,5.52188539505005
5.1,5.52188539505005
6.42,5.55445051193237
5.73,5.55445051193237
5.62,5.55445051193237
6.5,5.98811531066895
6.4,5.98811531066895
6.32,6.43808746337891
6.62,6.43808746337891
6.09,6.53088188171387
5.75,6.53088188171387
5.82,6.53088188171387
7.04,7.01966094970703
6.93,6.3918309211731
5.3,7.27343082427979
6.86,5.98797512054443
6.46,5.98797512054443
5.16,5.98797512054443
7,5.84798288345337
5.23,5.84798288345337
6.61,6.52614259719849
6.36,6.52614259719849
6.9,7.25962257385254
6.13,6.25503063201904
8.69,7.62303066253662
7.84,6.93611812591553
7.45,6.86847496032715
6.16,6.48752593994141
6.84,6.48752593994141
6.96,6.48752593994141
8.55,6.43945646286011
5.28,6.91968965530396
7.75,7.58299112319946
6.65,7.58299112319946
6.65,6.27023077011108
6.22,6.69583082199097
5.22,7.10623073577881
5.55,6.85405158996582
8.88,6.85405158996582
6.32,6.97942018508911
7.96,7.67635631561279
6.2,6.43337059020996
6.78,7.76736640930176
8.4,7.76736640930176
8.77,7.76736640930176
7.2,6.96762037277222
7.4,6.96762037277222
8.4,6.96762037277222
7.8,6.96762037277222
6.8,7.15812683105469
7.1,7.15812683105469
7.2,8.6550760269165
8.9,8.6550760269165
8.2,8.51253795623779
5.81,6.35986948013306
6.02,6.35986948013306
6.8,6.8004035949707
6.59,6.8004035949707
6.44,6.92619371414185
7.2,6.92619371414185
7.81,6.94303607940674
7.8,6.42997407913208
7.49,6.42997407913208
7.77,7.31791591644287
5.81,6.26136159896851
6.09,7.46216154098511
6.71,6.67275857925415
6.15,6.77839374542236
6.32,6.77839374542236
6.49,6.77839374542236
6.04,7.07999897003174
7.06,6.99987411499023
6.81,6.51133871078491
6.67,6.51133871078491
7.22,6.51133871078491
8.06,7.83934783935547
6.04,7.25747680664062
6.78,7.25747680664062
7.78,7.25747680664062
6.08,6.15985774993896
5.23,6.15985774993896
6.96,6.15985774993896
5.95,6.12099695205688
5.51,6.12099695205688
5.12,6.12099695205688
4.62,6.12099695205688
5.64,6.31000328063965
4.27,6.31000328063965
5.81,6.77384471893311
5.55,6.77384471893311
5.76,6.85849571228027
6.71,6.85849571228027
6.72,6.42131233215332
6.99,6.42131233215332
6.89,6.42131233215332
6.89,7.54218530654907
6.8,6.21591854095459
6,6.21591854095459
5.9,6.21591854095459
6.99,7.5564980506897
7.47,7.5564980506897
7.12,7.5564980506897
6.85,8.28647613525391
6.17,6.21088838577271
6.22,7.41168832778931
7.96,7.31954288482666
7.79,7.31954288482666
5.35,6.11802864074707
5.43,6.11802864074707
5.21,6.11802864074707
7.14,6.9641056060791
7.72,6.9641056060791
7.41,6.9641056060791
7.14,6.9641056060791
6.2,6.77523899078369
5.9,6.53020572662354
6.86,6.46617269515991
5.68,6.46617269515991
5.44,6.46617269515991
7.82,7.30205345153809
8.29,7.30205345153809
9.11,7.30205345153809
6.91,5.95139265060425
6.9,5.95139265060425
5.7,6.27566814422607
6.3,6.27566814422607
5.8,6.27566814422607
6.14,6.29701089859009
5.95,6.43532419204712
6.1,6.43532419204712
5.4,6.43532419204712
5.46,6.78096675872803
5.31,6.78096675872803
5.65,6.78096675872803
5.79,6.78096675872803
7.41,5.68947315216064
7.7,5.68947315216064
6.37,5.68947315216064
6.85,5.68947315216064
8.21,9.23355674743652
9.08,8.54782295227051
8.29,8.13543319702148
8.61,8.13543319702148
8.52,8.13543319702148
8.78,8.66099071502686
5.26,6.84753704071045
5.49,6.64471960067749
6.6,6.64471960067749
6.49,6.64471960067749
6.34,6.64471960067749
5.81,6.58616352081299
6.25,6.58616352081299
5.53,6.58616352081299
5.3,6.71914911270142
5.86,6.71914911270142
5.65,6.71914911270142
5.07,6.71914911270142
6.92,6.87870454788208
6.86,7.00618028640747
7.37,6.75864458084106
6.2,6.87282991409302
5.21,6.87282991409302
6.49,6.87282991409302
7.52,6.71233701705933
6.09,6.71233701705933
6.19,6.67193937301636
6.63,6.67193937301636
6.6,6.54166555404663
6.97,7.31491374969482
5.6,6.7504448890686
5.65,6.7504448890686
5.99,6.84225273132324
6.12,6.84225273132324
4.58,6.84225273132324
6.2,6.85555219650269
6.92,6.85555219650269
6.51,6.85555219650269
5.36,6.57067394256592
6.17,6.57067394256592
6.68,6.62215614318848
6.63,6.62215614318848
6.51,6.01126909255981
6.1,6.27340173721313
5.23,6.27340173721313
5.92,6.27340173721313
6.15,6.27340173721313
7.79,6.48019695281982
7.85,6.48019695281982
7.99,6.48019695281982
8.19,7.45250749588013
8.24,7.45250749588013
6.88,7.31483888626099
6.8,7.31483888626099
7.11,6.87867975234985
7.21,6.87867975234985
7.51,6.1345362663269
7.61,6.1345362663269
6.98,6.1345362663269
6.55,6.34731292724609
6.28,6.02444219589233
6.54,6.02444219589233
6.85,6.02444219589233
6.28,6.02444219589233
5.31,6.22895574569702
6.67,6.26889228820801
6.66,6.26889228820801
6.61,6.26889228820801
5.94,6.26889228820801
5.8,6.80648565292358
6.21,6.80648565292358
8.1,6.56779003143311
8.5,7.83951616287231
8.3,7.83951616287231
8.6,7.83951616287231
5.7,6.9095516204834
5.9,6.9095516204834
5.9,7.34199619293213
5.7,6.82624244689941
7.1,6.82624244689941
7.1,6.82624244689941
7.1,6.82624244689941
5.3,6.33465957641602
6.7,5.82773685455322
6.4,5.82773685455322
6.4,5.87576389312744
6.7,5.87576389312744
6.2,5.87576389312744
5.8,5.87576389312744
5.5,5.27472257614136
5.1,5.27472257614136
5.3,5.76566743850708
5.9,5.76566743850708
5.6,5.78633737564087
6.4,5.97575283050537
5.8,5.97575283050537
5.8,5.97575283050537
5.5,5.50429964065552
5.53,5.50429964065552
5.13,5.50429964065552
5.57,5.61895751953125
5.86,5.61895751953125
6.55,5.61895751953125
6.09,6.33927583694458
6.2,6.33927583694458
5.99,6.33927583694458
5.8,6.33927583694458
5.72,6.18534517288208
5.72,6.15262985229492
5.85,6.15262985229492
5.74,6.15262985229492
4.94,6.15262985229492
5.8,5.31522512435913
5.9,5.31522512435913
6,6.2048282623291
6.15,6.2048282623291
6.84,6.42455148696899
6.55,6.42455148696899
5.99,6.32031106948853
6.7,6.32031106948853
6.77,6.32031106948853
6.23,6.14964962005615
6.53,6.23811435699463
7.15,6.23811435699463
7.22,6.23811435699463
5.77,6.34727096557617
6.3,6.34727096557617
6.83,6.34727096557617
6.32,6.35206604003906
6.45,6.35206604003906
6.52,6.35206604003906
5.95,5.85965490341187
6.17,5.85965490341187
5.6,5.85965490341187
5.72,5.85965490341187
6.24,6.16626358032227
6.66,6.16626358032227
6.46,6.36365365982056
6.17,7.16046094894409
6.47,7.16046094894409
6.15,7.16046094894409
6.2,6.29557752609253
6.94,6.29557752609253
6.69,6.29557752609253
7.02,6.29557752609253
7.19,6.29557752609253
9.42,9.17995262145996
9.4,9.39783763885498
9.65,9.39783763885498
9.6,9.39783763885498
9.14,9.38042545318604
9.23,9.38042545318604
7.37,6.63454341888428
8.16,6.63454341888428
8.08,7.5485668182373
8.11,7.5485668182373
7.75,6.96685838699341
6.65,8.74337005615234
7.25,8.74337005615234
7.96,8.12061309814453
7.78,8.12061309814453
8.5,8.12061309814453
6.73,7.44311380386353
6.25,7.44311380386353
6.78,6.70448207855225
7.25,6.83467817306519
6.64,6.83467817306519
5.96,6.83467817306519
7.05,7.44043684005737
7.52,6.19491386413574
5.95,6.31192016601562
5.78,6.31192016601562
5.96,6.09006977081299
6.73,5.95228672027588
5.82,5.95228672027588
5.86,5.95228672027588
6.03,6.7929253578186
7.96,6.68059968948364
7.38,6.68059968948364
8.93,8.16097354888916
8.56,8.16097354888916
7.91,8.16097354888916
5.93,7.75245761871338
6.1,7.80185747146606
6.7,7.88545751571655
5.95,7.9880576133728
5.87,6.16320323944092
6.55,6.16320323944092
6.1,5.76308488845825
6.12,5.76308488845825
6,6.01439332962036
6.82,6.01439332962036
6.04,5.86568784713745
6.2,5.86568784713745
6.11,5.86568784713745
6.16,6.03736352920532
6.61,6.03736352920532
6.64,6.03736352920532
7.5,6.60011959075928
7.84,6.60011959075928
6.92,7.32546663284302
7.42,7.32546663284302
9.08,7.32546663284302
6.92,6.92953634262085
7.2,6.98273611068726
7.41,7.2563362121582
7.34,7.30367803573608
7.21,7.40247821807861
6.24,5.83541345596313
5.53,5.83541345596313
5.82,5.73274612426758
6.32,5.44897127151489
5.97,5.44897127151489
6.11,5.44897127151489
6.8,6.42005062103271
4.92,7.32546663284302
5.94,7.32546663284302
5.91,7.32546663284302
6.62,7.32546663284302
7.96,6.82441902160645
5.9,6.68952703475952
6.3,6.68952703475952
6.8,6.68952703475952
5.3,6.20468044281006
5.9,6.03030586242676
5.8,6.03030586242676
4.9,6.83771944046021
7.7,7.30205345153809
7.1,7.30205345153809
7.06,7.30205345153809
6.1,7.06464004516602
6.8,7.06464004516602
7.5,7.06464004516602
7.9,7.06464004516602
8.1,7.06464004516602
7.8,7.35897874832153
6.5,6.68682527542114
8,6.68682527542114
8.4,6.68682527542114
8.2,6.80284261703491
7.7,6.80284261703491
5.6,6.15066957473755
7.03,6.15066957473755
6.5,6.65185928344727
6.57,6.29940319061279
5.93,6.29940319061279
6.69,6.61148548126221
6.54,6.61148548126221
5.68,6.49472188949585
6.33,6.49472188949585
6.18,6.49472188949585
5.1,6.20310592651367
6.03,6.20310592651367
6.1,6.11758422851562
6.32,6.11758422851562
6.05,5.95139265060425
6.71,5.95139265060425
6.49,5.95139265060425
5.66,6.68590307235718
5.73,6.07782554626465
5.3,6.07782554626465
6,6.05201625823975
6.3,6.26361227035522
5.8,6.26361227035522
5.5,6.26361227035522
6.23,6.29657697677612
6,6.29657697677612
5.3,6.29976463317871
5.83,6.65058946609497
6.25,6.65058946609497
6.41,6.65058946609497
6.2,6.65058946609497
6.82,7.32546663284302
9.08,7.32546663284302
8.97,8.51881122589111
7.25,7.86785507202148
8.32,8.0160551071167
7.84,8.27574729919434
8.8,8.40874671936035
5.56,6.57927703857422
6.11,6.57927703857422
9.17,6.35211372375488
6.64,6.60831785202026
6.03,6.60831785202026
5.92,6.53864145278931
6.19,6.75657367706299
6.48,6.75657367706299
6.91,6.75657367706299
6.63,6.75657367706299
6.3,7.27412414550781
6.46,6.81162452697754
6.47,6.81162452697754
6.82,6.74982166290283
6.57,8.07008361816406
5.74,7.32546663284302
6.09,7.32546663284302
7.28,7.32546663284302
8.08,7.32546663284302
6.12,6.8058500289917
6.71,6.89704990386963
6.76,7.0034499168396
6.66,7.10225009918213
6.24,6.87833595275879
6.71,6.95433568954468
6.48,7.11393594741821
6,7.18233585357666
7.23,6.91378450393677
6.73,7.0391845703125
7.08,7.28700971603394
7.3,7.51500940322876
6.35,7.01540088653564
7.24,7.01540088653564
8.8,7.32546663284302
8.1,7.32546663284302
6.66,7.21741914749146
7.3,7.21741914749146
7.99,7.21741914749146
8.23,7.21741914749146
8.96,7.2069787979126
8.7,7.45017910003662
8.65,6.77507829666138
9.38,6.76751041412354
7.2,6.42325401306152
6.94,7.32367372512817
9.11,7.12842416763306
7.79,8.18609046936035
8.98,8.38369083404541
7.79,6.96418333053589
7.79,6.96418333053589
8.75,6.96418333053589
8.62,6.74904012680054
8.33,6.15038537979126
9.01,6.15038537979126
8.48,8.07008361816406
8.48,8.07008361816406
6.68,6.67748785018921
5.7,6.67748785018921
6.03,6.67748785018921
5.67,7.46820640563965
6.56,7.46820640563965
6.89,7.46820640563965
6.62,7.46820640563965
7.54,6.53307437896729
6.51,6.53307437896729
6.79,6.66507720947266
6.95,6.70982503890991
6.56,6.70982503890991
6.75,6.4488673210144
6.42,6.45705890655518
6.6,6.45705890655518
6.69,6.45705890655518
7.14,6.67748785018921
7.16,6.67748785018921
6.71,6.67748785018921
6.08,7.21420383453369
6.84,6.69804000854492
6.67,6.82993698120117
6.89,6.82993698120117
7.95,6.82993698120117
7.73,6.82993698120117
6.68,7.09978342056274
6.94,7.09978342056274
6.73,7.09978342056274
6.3,6.79525995254517
8.3,7.57633829116821
8.1,7.71693849563599
7.41,6.33076047897339
7.63,6.33076047897339
6.05,6.56091260910034
7.36,6.56091260910034
7.47,6.56091260910034
6.5,6.49887371063232
6.67,6.61406898498535
6.9,6.52662706375122
8.23,6.38193464279175
8.68,6.38193464279175
8.64,6.38193464279175
9.36,6.38193464279175
7.43,6.64501285552979
8.66,6.64501285552979
8.8,6.64501285552979
5.21,5.99385452270508
5.92,5.9524130821228
6.44,6.12773847579956
5.3,6.19000864028931
8.1,6.62954473495483
8.01,6.62954473495483
7.51,6.62954473495483
7.79,6.62954473495483
6.24,6.09643077850342
5.88,6.09643077850342
6.04,6.09643077850342
7.31,6.38388156890869
7.02,6.38388156890869
7.4,6.38388156890869
7.46,6.38388156890869
5.1,6.00982618331909
5.09,6.00982618331909
6.23,6.13841438293457
5.89,6.13841438293457
5.75,6.13841438293457
6.32,6.52976894378662
6.93,6.52976894378662
7.09,6.52976894378662
7.17,6.52976894378662
6.32,6.63879156112671
7.82,6.63879156112671
6.98,6.67261981964111
6.44,6.67261981964111
6.11,6.67261981964111
6.31,6.67261981964111
6.72,6.49166584014893
5.58,6.49166584014893
6.04,5.76387596130371
6.24,5.76387596130371
6.17,5.76387596130371
5.65,5.76387596130371
5.63,5.92246055603027
6.38,5.92246055603027
6.86,6.39655733108521
5.9,6.39655733108521
5.4,6.39655733108521
5.5,7.37266159057617
6.07,7.42206144332886
7.77,7.58926153182983
6.52,6.16881513595581
5.52,6.16881513595581
6.13,6.27464246749878
6.04,6.27464246749878
6.32,5.5035982131958
6.16,5.5035982131958
5.48,5.5035982131958
6.55,6.09716176986694
6.32,6.09716176986694
5.82,6.09716176986694
5.9,6.04630565643311
5.3,6.04630565643311
5.56,6.16225242614746
5.11,6.66466379165649
5.15,6.66466379165649
6.1,5.81867599487305
5.99,5.81867599487305
5.1,5.81867599487305
6.42,5.82412052154541
6.26,5.82412052154541
5.73,5.82412052154541
5.62,5.82412052154541
6.5,5.75091409683228
5.6,5.75091409683228
5.2,5.75091409683228
4.9,5.75091409683228
6.32,6.53616333007812
6.22,6.53616333007812
6.31,6.64737606048584
5.75,6.64737606048584
7.13,7.01901578903198
7.04,7.01901578903198
6.85,7.01901578903198
5.3,6.62279796600342
6.97,6.35178184509277
6.25,6.35178184509277
7.24,6.35178184509277
7.14,6.34255886077881
5.54,6.34255886077881
5.24,5.46241521835327
5.16,5.46241521835327
7,5.76260423660278
5.23,5.76260423660278
5.86,6.62010145187378
6.61,6.62010145187378
6.36,6.62010145187378
6.01,6.62010145187378
6.9,6.97678852081299
7.43,6.97678852081299
5.5,6.62279796600342
5.79,6.62279796600342
7.35,6.65205097198486
6.88,7.15112733840942
7.88,7.15112733840942
7.87,7.15112733840942
6.84,6.56368160247803
7.66,6.69854831695557
6.07,6.69854831695557
6.65,6.62279796600342
6.22,6.62279796600342
5.22,6.62279796600342
6.6,7.09246063232422
5.7,7.09246063232422
6.04,7.09246063232422
9.05,7.09246063232422
6.97,7.28003883361816
7.09,7.28003883361816
7.96,7.77233552932739
7.95,7.94333553314209
6.42,6.47211503982544
6.09,6.47211503982544
6.13,6.47211503982544
6.98,7.28698587417603
6.78,6.9840931892395
6.73,6.9840931892395
8.4,6.9840931892395
8.77,6.9840931892395
7.27,6.9840931892395
6,6.5849175453186
6.4,6.5849175453186
5.3,6.5849175453186
7.4,6.73752021789551
8.4,6.73752021789551
7.8,6.73752021789551
6.8,6.48450994491577
7.1,6.48450994491577
7.2,6.42748928070068
8.6,6.42748928070068
8.9,6.42748928070068
8.71,7.75925159454346
8.9,8.05185127258301
7.9,6.75651979446411
8.4,6.75651979446411
8.8,6.76702499389648
5.81,6.5849175453186
6.8,6.88294792175293
6.59,6.88294792175293
6.8,6.88294792175293
7.61,6.88294792175293
6.44,7.36514520645142
6.7,7.42974519729614
6.74,7.47914552688599
6.82,7.53994560241699
7.2,7.6273455619812
7.22,7.69194555282593
6.41,7.19308471679688
7.81,7.51228475570679
8.13,6.54830646514893
8.07,6.54830646514893
7.8,6.45385122299194
7.49,6.45385122299194
7.8,6.88957786560059
7.83,6.88957786560059
7.66,6.88957786560059
6.35,6.96236610412598
6.71,6.83296823501587
6.15,6.80125761032104
6.32,6.80125761032104
6.49,6.80125761032104
7.06,6.91787910461426
6.67,6.60285043716431
7.34,6.63175916671753
8.13,6.63175916671753
8.06,6.63175916671753
6.04,6.45311737060547
8.39,6.45311737060547
6.08,6.24759769439697
5.95,6.11556816101074
7.05,6.11556816101074
5.64,6.2979154586792
5.81,6.48630380630493
5.55,6.48630380630493
6.71,6.6768364906311
5.88,6.6768364906311
6.72,6.94590759277344
6.99,6.94590759277344
6.89,6.94590759277344
6.8,6.27438116073608
5.9,6.27438116073608
7.4,6.41965246200562
7.47,6.41965246200562
7.22,6.61040639877319
6.78,6.61040639877319
7.05,6.61040639877319
6.17,7.21420383453369
7.1,7.21420383453369
6.56,7.21420383453369
7.96,6.37143564224243
5.35,5.92246055603027
7.72,7.07462072372437
7.41,7.07462072372437
7.14,7.07462072372437
5.9,6.4265513420105
6.3,6.49155139923096
6.7,6.5515513420105
5.79,6.32430839538574
5.52,6.41930818557739
5.46,6.50180864334106
6.46,6.20149564743042
6.45,6.0298957824707
9.52,7.30418348312378
7.74,6.07087993621826
7.77,6.04447984695435
6.99,5.99497985839844
6,6.06679630279541
6.2,6.08569622039795
5.7,6.11979007720947
6.72,6.1572904586792
6.32,6.2222900390625
6.07,6.28979015350342
6.55,6.9131031036377
6.4,6.69131660461426
6.18,6.92738103866577
5.6,6.96238088607788
5.54,7.02238082885742
5.43,7.11238098144531
5.59,7.08663415908813
6.06,6.77752065658569
6.18,6.90252065658569
7.8,7.36177015304565
7.92,7.39237022399902
8.34,7.42117023468018
8.02,8.56501483917236
8.83,8.61361503601074
8.88,7.07042789459229
9.11,7.22792768478394
8.65,7.2550892829895
8.06,6.79788541793823
8.72,6.90288543701172
8.9,6.57678127288818
8.72,6.63928127288818
8.79,6.72678136825562
8.54,6.71929216384888
8.81,6.84429216384888
5.6,6.24469184875488
5.44,6.28219223022461
5.37,6.35469198226929
6.49,6.42784070968628
6.36,6.42558193206787
5.62,6.5467791557312
6.94,6.58677911758423
6.32,6.75927877426147
6.03,6.54317331314087
5.52,6.58567333221436
7.03,6.66817331314087
6.6,6.60753202438354
6.19,6.65503215789795
7.09,6.78253221511841
6.48,6.07980537414551
6.76,6.17480516433716
6.24,6.29329490661621
6.17,6.34579467773438
7.57,6.42170381546021
7.09,6.60170364379883
7.07,6.56499719619751
6.95,6.61499691009521
6.57,6.41610908508301
6.95,6.72972917556763
7.09,6.65975475311279
6.95,6.77975463867188
5.35,6.1790337562561
6.33,6.3190336227417
8.92,6.36403369903564
6.6,6.24436855316162
5.96,6.26866865158081
6.72,6.49243831634521
6.62,6.29957485198975
6.08,6.38707494735718
6,6.41851425170898
6.16,6.45351457595825
6.53,6.5010142326355
6.44,6.74292325973511
6.17,6.79542350769043
5.88,6.87542343139648
5.51,5.99387836456299
7.87,6.86273717880249
7.46,6.78550958633423
7.66,7.07350969314575
7.07,7.35250949859619
7.51,6.91509056091309
6.8,6.48598480224609
6.19,6.7084846496582
6.61,6.76848459243774
7.07,6.50023221969604
7.16,6.59273195266724
7.67,6.71523189544678
6.93,6.58219861984253
7.27,6.24722194671631
7.11,6.35472202301025
6.76,6.43972206115723
6.41,6.33069753646851
6.45,6.35769748687744
6.52,6.39009714126587
5.64,6.22472906112671
5.82,6.23552894592285
5.91,6.24992895126343
5,6.26792907714844
5.93,6.22615575790405
5.85,6.42615556716919
6.5,6.65794515609741
6.77,6.69544553756714
8.2,6.20319271087646
8.1,6.25069284439087
8,6.33569240570068
8.2,7.48442792892456
8.3,7.49972772598267
8.5,8.1248025894165
8.3,8.59280300140381
6.7,6.72930097579956
7.3,7.04177236557007
7,7.04177236557007
6.1,7.04177236557007
7.3,6.85990762710571
7.7,6.89490747451782
8.3,6.94490766525269
7.8,7.03490781784058
5.5,6.05739593505859
5.7,6.25539588928223
5.3,6.70539617538452
6.3,5.58029842376709
6.5,5.67029809951782
6.2,6.30929803848267
6.5,5.86874532699585
5.5,6.36374521255493
6,5.75390481948853
4.5,5.63510513305664
5.9,6.16662502288818
5.5,6.26162528991699
6.3,6.33320903778076
5.6,6.39820909500122
5.3,6.4707088470459
6.2,6.46277952194214
6.34,6.14463376998901
6.53,6.34263372421265
6.05,6.68463373184204
5.34,6.05351591110229
5.41,5.84970998764038
5.63,5.9487099647522
6.28,5.85429286956787
5.7,6.06129312515259
5.52,6.34029293060303
5.77,5.70333290100098
5.5,6.14100074768066
5.25,6.2319164276123
6.09,6.2634162902832
5.91,6.17442655563354
6.64,6.31842660903931
6.5,6.489426612854
5.85,6.7684268951416
5.8,6.07514572143555
7,6.16514587402344
6.68,6.48914575576782
6.44,6.43375825881958
5.95,6.4862585067749
6.98,6.03575658798218
6.42,5.97635650634766
6.18,5.86745691299438
7.11,7.51788520812988
6.57,5.98916530609131
6.75,6.65347242355347
5.45,7.03147268295288
5.75,6.03059053421021
6.6,5.89646577835083
6.34,5.90456581115723
6.59,5.91716575622559
6.27,5.94686555862427
5.78,5.97566556930542
6.01,5.91759729385376
6.4,5.99759721755981
6.45,6.07009696960449
6.84,6.11509704589844
5.88,6.26686859130859
6.47,6.34186840057373
5.94,6.46186876296997
6.86,6.92491245269775
6.95,7.08491230010986
8.73,8.0129222869873
9.31,8.19292163848877
9.45,8.6069221496582
9.21,7.83243083953857
9.38,7.87363576889038
9.34,7.90333604812622
9.4,7.93123579025269
7.06,8.80403137207031
7.34,8.83103179931641
7.53,8.86703109741211
7.97,7.81708383560181
8.18,7.81708383560181
8.37,7.72892332077026
6.45,6.92274379730225
7.21,6.96774387359619
7.85,7.10774421691895
8.63,6.6686544418335
7.9,7.85675525665283
8.14,8.36975479125977
7.55,7.85378503799438
7.82,8.24978446960449
7.87,8.58278465270996
6.18,7.14020252227783
7,6.57519960403442
6.65,6.67019939422607
6.56,6.74519968032837
6.9,6.84809350967407
7.44,7.40785551071167
7.77,7.49035549163818
7.28,7.56535577774048
7.25,7.71217441558838
6.44,7.72837448120117
6.44,7.75177431106567
6.31,5.78013944625854
5.78,5.78013944625854
6.96,6.05824089050293
5.95,5.95264053344727
5.86,5.82064056396484
5.92,6.08616781234741
6.38,6.83555459976196
8.23,6.52700185775757
7.86,6.61950159072876
9.04,6.73627758026123
8.18,6.8837776184082
7.89,6.93127775192261
5.91,6.60250949859619
5.71,6.18447494506836
5.71,6.40947484970093
6.13,6.58947515487671
7.2,5.94771671295166
5.97,6.12771654129028
6.17,6.24471664428711
5.8,6.35271692276001
6.15,7.30785989761353
6.31,6.37224006652832
7.78,6.72321033477783
7.28,7.17630243301392
8.95,7.63530254364014
7.2,7.01305627822876
7.3,7.29205656051636
6.97,6.74801254272461
6.4,7.4320125579834
5.93,6.07484674453735
6.34,5.94614696502686
5.18,6.41261911392212
6.52,6.41261911392212
5.43,6.41261911392212
5.55,6.41261911392212
5.68,5.81393623352051
5.1,6.38453674316406
6.91,6.17003679275513
5.69,7.19430255889893
6.29,7.64430284500122
6.14,6.96567296981812
6.14,7.23567295074463
6,6.72836351394653
6,6.87236356735229
6.5,7.13336372375488
7,7.42136335372925
6.6,6.20573759078979
6.3,6.21833753585815
5.6,7.38845443725586
5.9,7.40285444259644
4.9,7.45865440368652
5.4,6.4803352355957
5.5,6.56533527374268
5.3,6.59024333953857
5.9,6.72274351119995
6.2,6.98918390274048
7.7,7.69118356704712
7,7.02199745178223
7.3,7.21099758148193
7.3,7.73325252532959
7.4,7.35027980804443
8,7.69227981567383
7.8,8.061279296875
5.5,6.3409104347229
6.6,6.5477819442749
6.72,6.0277419090271
5.5,6.22524213790894
5.93,6.24774217605591
6.86,8.28527641296387
6.29,8.72627639770508
7.11,6.52613592147827
6.19,6.1916561126709
5.68,6.26165580749512
5.89,6.29665613174438
6.4,6.07749128341675
5.64,5.82339143753052
6.43,5.79368019104004
5.48,6.43289232254028
6.52,6.53039264678955
6.13,5.9050030708313
5.61,5.82250308990479
5.9,5.86529874801636
6.35,5.76299858093262
5.8,5.70523595809937
5.75,6.16649341583252
6.46,6.22649335861206
5.75,6.29990291595459
6.34,6.36990261077881
5.95,6.46990299224854
6.66,6.25484800338745
6.3,6.32984781265259
6.3,6.39734792709351
8.28,7.33830261230469
8.95,7.83330249786377
6.58,7.24863338470459
7.42,7.42863368988037
8.37,7.74363374710083
8.67,7.12978076934814
9.07,7.24678087234497
9.2,7.36378049850464
8.76,7.55278062820435
7.88,7.24883127212524
7.49,7.15810585021973
9.02,7.92310571670532
6.09,6.53677988052368
6.93,6.62677955627441
9.02,6.13340044021606
9.84,6.32090044021606
6.31,6.86181211471558
6.58,6.89511203765869
7.22,6.56058073043823
6.37,6.80358076095581
6.48,7.10958051681519
6.26,6.1959810256958
6.42,6.39398097991943
6.38,6.56498098373413
5.59,6.35462808609009
6.02,6.47381830215454
7.4,6.64631843566895
7.56,6.78883171081543
7.4,6.888831615448
6.75,6.93483352661133
7.1,6.72927522659302
6.75,7.17027521133423
7.61,6.82907390594482
7.55,7.28807401657104
7.4,6.94679737091064
6.2,6.48565196990967
6.7,6.52815198898315
6.1,6.60815191268921
7.5,7.0143027305603
8.3,7.14930248260498
8.4,7.20199775695801
8.2,7.89343309402466
7.81,7.90963268280029
8.1,7.92403268814087
8.54,7.95373296737671
6.9,6.64914655685425
8.8,6.7441463470459
8.5,7.70284652709961
9.9,7.72624635696411
8.3,6.33475780487061
7.1,6.41725778579712
7.7,7.21065664291382
9.33,7.47165679931641
9.32,7.76865673065186
7.07,7.17943477630615
7.45,7.332435131073
8.77,7.51243495941162
7.76,7.01289749145508
7.94,7.38189792633057
8.04,7.46289777755737
7.94,7.05676937103271
8.78,6.89668416976929
5.59,7.06768417358398
8.82,7.51768398284912
8,8.35867691040039
8.9,8.42167663574219
8.33,6.67633199691772
6.93,6.09813404083252
7.2,7.02322292327881
6.99,6.55007982254028
6.9,6.66007995605469
5.74,6.8135986328125
6.96,6.87109899520874
7.9,6.35138320922852
7.19,6.54813432693481
6.4,6.74613428115845
7.07,6.33244848251343
7.02,6.50344848632812
6.31,6.79144859313965
6.36,7.10644865036011
6.35,6.28834438323975
6.78,6.57634449005127
7.1,6.79234457015991
7.25,7.04434442520142
7.34,6.88413667678833
6.88,6.95106792449951
7.1,6.993567943573
6.35,6.71369171142578
6.32,6.77119159698486
5.53,6.82619190216064
8.4,6.3205714225769
7.45,6.21415519714355
7.08,6.00625514984131
7.69,7.48484134674072
7.56,6.68056535720825
7,6.93256568908691
6.03,7.23856544494629
5.91,7.43656539916992
6.32,6.55842638015747
6.06,6.62092638015747
6.07,6.67342615127563
7.38,6.5500864982605
7.13,6.59258651733398
6.29,6.67008638381958
8,6.22684526443481
7.6,6.09484529495239
8.98,7.20071840286255
7.77,7.37230014801025
5.72,5.91899013519287
4.98,5.85959053039551
5.85,5.95933818817139
5.32,6.07183837890625
5.36,6.06540727615356
5.21,6.16790723800659
5.04,6.25040721893311
6.58,6.12309694290161
5.72,6.23309707641602
6.2,6.25263690948486
5.46,6.33013677597046
7.86,7.15440368652344
6.56,5.99608039855957
5.61,6.00175142288208
5.39,5.95885133743286
5.21,5.91595125198364
5.15,5.87903165817261
5.98,6.44169855117798
6.49,6.46919822692871
6.56,6.51919841766357
6.66,6.57919836044312
6.53,6.63919830322266
6.04,6.44349956512451
7.71,6.9564995765686
6.65,6.42411804199219
5.16,6.89211797714233
6.29,6.39324283599854
6.59,6.45624256134033
5.12,7.39224290847778
5.39,5.70693588256836
6.51,6.15299272537231
6.59,6.24049282073975
5.57,6.28299283981323
5.6,6.34299278259277
6.14,6.45363330841064
5.75,6.50615310668945
6.64,6.52115297317505
7.01,6.57865285873413
7.38,6.68865299224854
7.02,6.65041446685791
8.57,7.10941457748413
6.41,6.437819480896
6.72,6.77981948852539
5.35,7.30181980133057
5.12,7.47281980514526
6.79,6.39870929718018
5.64,6.83970928192139
5.65,7.11870956420898
5.09,7.24470949172974
6.32,5.91096067428589
5.75,5.73936080932617
6.24,6.22418880462646
6.26,6.33418893814087
5.92,6.38418912887573
5.24,6.13095283508301
5.57,6.1584529876709
5.62,6.18095302581787
5.65,6.2059531211853
6.42,6.50358009338379
5.77,6.44418048858643
4.88,6.22968006134033
5.1,6.13873243331909
5.14,6.13873243331909
5.36,6.10582733154297
5.21,6.03322696685791
5.9,5.88142728805542
5.79,6.12719249725342
5.72,6.00839233398438
5.64,5.75429248809814
6.2,5.9389533996582
6.4,5.88615322113037
5.2,5.75415325164795
6.62,6.66900682449341
5.75,6.82150650024414
5.77,6.89150667190552
5.4,6.91900682449341
5.89,6.61049842834473
6.09,6.68549871444702
5.82,6.79549837112427
6,6.84299850463867
7.52,7.14922666549683
6.73,5.98349761962891
6.93,5.9915976524353
6.71,6.00419759750366
5.07,6.02219772338867
6.21,6.99685478210449
6.35,7.65385484695435
5.85,7.16537237167358
5.73,7.20587205886841
6.86,6.51296710968018
6.46,6.77396726608276
6.45,6.27000856399536
7.63,7.08764886856079
6.13,5.98349761962891
6.88,6.05099773406982
8.69,6.06449747085571
7.84,6.91231536865234
8.3,7.5693154335022
7.45,7.10120296478271
6.16,6.59992027282715
6.96,6.83242034912109
6.96,6.62375068664551
7.28,6.69625091552734
8.55,6.7762508392334
6.79,6.90097284317017
6.94,6.95597314834595
5.28,7.0509729385376
7.75,6.60136270523071
6.65,6.68386268615723
6.35,5.99699783325195
8.68,6.06089782714844
5.55,6.85518217086792
8.88,7.29618263244629
6.32,6.84115409851074
7.49,6.87895393371582
6.5,7.61241483688354
7.2,7.62321472167969
8.9,7.64661455154419
6.08,6.98769807815552
6.2,7.01269817352295
7.18,7.73222970962524
7.13,7.73222970962524
6,7.73222970962524
7.2,6.82586240768433
6.83,7.55788326263428
8.9,7.669105052948
8.8,6.90846347808838
9.1,6.97346353530884
8.5,6.85147190093994
8.9,6.72764015197754
8.2,6.93514013290405
5.76,7.04896974563599
5.83,7.22896957397461
6.02,7.48096942901611
6.74,7.15230703353882
6.7,6.97157716751099
7.95,7.27757692337036
7.75,8.10954761505127
8.15,6.52931928634644
7.6,6.629319190979
7.77,6.91499948501587
5.81,6.69784069061279
6.09,7.40884065628052
6.5,6.59070539474487
6.97,7.1937050819397
6.24,7.36507987976074
5.99,6.0450005531311
6.47,6.07380056381226
6.04,6.1107006072998
6.66,6.60911893844604
5.57,6.77911901473999
6.81,6.47901916503906
7.22,6.61151885986328
7.31,6.66651916503906
6.78,6.30880451202393
7.78,6.37880420684814
5.23,7.65266418457031
6.96,7.67786407470703
5.51,6.46867799758911
5.12,6.55617809295654
4.62,6.64117765426636
6.03,6.51453399658203
5.58,6.5520339012146
4.27,6.6145339012146
6.35,6.67640018463135
6.06,6.74890041351318
5.76,6.73544645309448
5.85,7.07544612884521
6.49,6.88290786743164
6.89,6.83733558654785
6.3,6.33622264862061
6,6.43622303009033
6.99,6.66184425354004
7.12,6.83434391021729
6.85,6.87040376663208
6.93,6.43481636047363
6.22,7.0884485244751
8.57,7.41865062713623
7.79,7.45915079116821
8.75,7.48615074157715
6.65,6.18299293518066
5.43,6.24549293518066
5.21,6.3329930305481
7.14,7.03058862686157
